ts_code,trade_date,open,high,low,close,pre_close,change,pct_chg,vol,amount,K,r_1y,expiry_t,sigma_1y,d1,d2,call,put,close_day_before,return
000651.SZ,2019-01-02,36.45,36.45,35.7,35.8,35.69,0.11,0.3082,424789.84,1530288.713,,,,,,,,,,
000651.SZ,2019-01-03,35.8,36.19,35.75,35.92,35.8,0.12,0.3352,258798.02,930818.184,,,,,,,,,35.69,0.003082095825161094
000651.SZ,2019-01-04,35.72,36.7,35.56,36.65,35.92,0.73,2.0323,489612.13,1778066.631,,,,,,,,,35.8,0.0033519553072626973
000651.SZ,2019-01-07,36.88,36.96,36.25,36.48,36.65,-0.17,-0.4638,392690.76,1433346.23,,,,,,,,,35.92,0.020322939866369624
000651.SZ,2019-01-08,36.41,36.42,36.03,36.34,36.48,-0.14,-0.3838,193021.64,700121.376,,,,,,,,,36.65,-0.004638472032742202
000651.SZ,2019-01-09,37.2,38.06,37.07,37.51,36.34,1.17,3.2196,1058060.77,3985321.487,,,,,,,,,36.48,-0.003837719298245435
000651.SZ,2019-01-10,37.38,37.93,37.29,37.76,37.51,0.25,0.6665,477566.14,1803308.972,,,,,,,,,36.34,0.03219592735277915
000651.SZ,2019-01-11,37.96,37.96,37.39,37.73,37.76,-0.03,-0.0794,330925.89,1246253.762,,,,,,,,,37.51,0.006664889362836577
000651.SZ,2019-01-14,37.77,37.97,37.54,37.68,37.73,-0.05,-0.1325,211773.48,798844.063,,,,,,,,,37.76,-0.000794491525423759
000651.SZ,2019-01-15,37.84,38.88,37.71,38.78,37.68,1.1,2.9193,612712.92,2358470.585,,,,,,,,,37.73,-0.0013252054068379846
000651.SZ,2019-01-16,38.8,39.5,38.65,39.31,38.78,0.53,1.3667,501928.76,1965928.907,,,,,,,,,37.68,0.02919320594479834
000651.SZ,2019-01-17,38.1,38.88,37.84,38.66,39.31,-0.65,-1.6535,927453.28,3563409.526,,,,,,,,,38.78,0.013666838576585898
000651.SZ,2019-01-18,38.68,39.15,38.43,38.97,38.66,0.31,0.8019,569376.44,2211036.288,,,,,,,,,39.31,-0.016535232765199838
000651.SZ,2019-01-21,39.03,40.15,38.85,39.48,38.97,0.51,1.3087,589809.01,2334690.125,,,,,,,,,38.66,0.00801862390067259
000651.SZ,2019-01-22,39.47,39.47,38.67,38.91,39.48,-0.57,-1.4438,319458.81,1243034.902,,,,,,,,,38.97,0.01308698999230172
000651.SZ,2019-01-23,38.72,39.46,38.48,39.19,38.91,0.28,0.7196,348265.23,1365387.904,,,,,,,,,39.48,-0.014437689969604872
000651.SZ,2019-01-24,39.46,39.5,39.0,39.38,39.19,0.19,0.4848,297290.31,1168618.111,,,,,,,,,38.91,0.00719609354921617
000651.SZ,2019-01-25,39.56,40.1,39.23,39.9,39.38,0.52,1.3205,482838.83,1926015.444,,,,,,,,,39.19,0.004848175554988641
000651.SZ,2019-01-28,40.1,41.29,40.05,40.29,39.9,0.39,0.9774,518476.65,2107414.534,,,,,,,,,39.38,0.013204672422549416
000651.SZ,2019-01-29,40.25,41.17,40.12,41.1,40.29,0.81,2.0104,522980.77,2131184.235,,,,,,,,,39.9,0.009774436090225578
000651.SZ,2019-01-30,40.83,41.05,40.44,40.7,41.1,-0.4,-0.9732,332306.54,1355912.044,,,,,,,,,40.29,0.020104244229337362
000651.SZ,2019-01-31,41.08,41.75,40.88,41.75,40.7,1.05,2.5799,473745.89,1963679.969,,,,,,,,,41.1,-0.009732360097323567
000651.SZ,2019-02-01,42.35,42.35,41.65,41.96,41.75,0.21,0.503,408947.29,1714917.893,,,,,,,,,40.7,0.025798525798525727
000651.SZ,2019-02-11,41.87,43.28,41.79,43.07,41.96,1.11,2.6454,399173.49,1707182.382,,,,,,,,,41.75,0.005029940119760499
000651.SZ,2019-02-12,43.07,43.45,42.82,43.22,43.07,0.15,0.3483,366983.52,1582481.925,,,,,,,,,41.96,0.02645376549094374
000651.SZ,2019-02-13,43.37,43.65,42.83,43.51,43.22,0.29,0.671,418025.03,1810395.646,,,,,,,,,43.07,0.003482702577199874
000651.SZ,2019-02-14,43.46,44.5,43.21,44.35,43.51,0.84,1.9306,435461.57,1919738.192,,,,,,,,,43.22,0.006709856547894474
000651.SZ,2019-02-15,44.24,44.25,42.66,42.75,44.35,-1.6,-3.6077,643817.15,2788302.171,,,,,,,,,43.51,0.019305906688117755
000651.SZ,2019-02-18,43.29,44.28,43.21,44.09,42.75,1.34,3.1345,480260.17,2110376.16,,,,,,,,,44.35,-0.03607666290868098
000651.SZ,2019-02-19,44.5,45.5,44.25,44.62,44.09,0.53,1.2021,532350.1,2388570.936,,,,,,,,,42.75,0.03134502923976616
000651.SZ,2019-02-20,44.99,45.08,44.25,44.99,44.62,0.37,0.8292,334641.12,1497965.946,,,,,,,,,44.09,0.012020866409616558
000651.SZ,2019-02-21,45.1,45.5,44.62,44.84,44.99,-0.15,-0.3334,449655.15,2027676.043,,,,,,,,,44.62,0.008292245629762541
000651.SZ,2019-02-22,44.79,45.0,43.99,44.96,44.84,0.12,0.2676,451132.0,2012175.819,,,,,,,,,44.99,-0.0033340742387196836
000651.SZ,2019-02-25,45.11,46.1,44.4,46.08,44.36,1.72,3.8774,930082.57,4201073.393,,,,,,,,,44.84,-0.01070472792149875
000651.SZ,2019-02-26,46.02,46.02,44.81,44.93,46.08,-1.15,-2.4957,675270.01,3054746.631,,,,,,,,,44.36,0.03877366997294858
000651.SZ,2019-02-27,45.3,45.36,44.2,44.55,44.93,-0.38,-0.8458,469666.48,2106323.328,,,,,,,,,46.08,-0.024956597222222193
000651.SZ,2019-02-28,44.5,45.13,44.44,44.8,44.55,0.25,0.5612,346380.53,1552155.274,,,,,,,,,44.93,-0.008457600712219064
000651.SZ,2019-03-01,45.16,45.86,45.03,45.73,44.8,0.93,2.0759,645030.02,2929046.968,,,,,,,,,44.55,0.0056116722783389455
000651.SZ,2019-03-04,46.27,47.74,46.0,46.65,45.73,0.92,2.0118,880295.12,4126903.921,,,,,,,,,44.8,0.020758928571428567
000651.SZ,2019-03-05,47.05,47.47,46.7,47.08,46.65,0.43,0.9218,537114.71,2529131.438,,,,,,,,,45.73,0.020118084408484622
000651.SZ,2019-03-06,47.3,47.8,46.71,47.1,47.08,0.02,0.0425,476323.61,2245821.672,,,,,,,,,46.65,0.009217577706323681
000651.SZ,2019-03-07,47.1,47.11,45.5,45.74,47.1,-1.36,-2.8875,636125.11,2927540.247,,,,,,,,,47.08,0.0004248088360238557
000651.SZ,2019-03-08,44.76,45.39,44.43,44.51,45.74,-1.23,-2.6891,632230.56,2831378.006,,,,,,,,,47.1,-0.02887473460721867
000651.SZ,2019-03-11,44.51,45.46,44.51,45.37,44.51,0.86,1.9322,427441.02,1923601.001,,,,,,,,,45.74,-0.026891123742894707
000651.SZ,2019-03-12,45.73,45.75,44.6,44.8,45.37,-0.57,-1.2563,701913.42,3162378.085,,,,,,,,,44.51,0.019321500786340137
000651.SZ,2019-03-13,44.88,45.25,44.8,44.95,44.8,0.15,0.3348,399022.64,1795234.953,,,,,,,,,45.37,-0.01256336786422747
000651.SZ,2019-03-14,44.9,46.0,44.83,45.46,44.95,0.51,1.1346,513688.56,2338446.464,,,,,,,,,44.8,0.0033482142857144126
000651.SZ,2019-03-15,45.5,47.68,45.5,46.92,45.46,1.46,3.2116,839753.19,3931306.214,,,,,,,,,44.95,0.011345939933259132
000651.SZ,2019-03-18,46.9,48.11,46.54,47.9,46.92,0.98,2.0887,653507.32,3104486.244,,,,,,,,,45.46,0.03211614606247252
000651.SZ,2019-03-19,47.93,48.43,46.91,47.21,47.9,-0.69,-1.4405,507038.47,2404196.675,,,,,,,,,46.92,0.020886615515771458
000651.SZ,2019-03-20,47.01,47.1,46.11,46.61,47.21,-0.6,-1.2709,460492.41,2144968.562,,,,,,,,,47.9,-0.014405010438413314
000651.SZ,2019-03-21,46.4,46.57,45.98,46.27,46.61,-0.34,-0.7295,466909.37,2158335.256,,,,,,,,,47.21,-0.012709171785638665
000651.SZ,2019-03-22,46.4,46.74,45.8,46.16,46.27,-0.11,-0.2377,426192.03,1968097.727,,,,,,,,,46.61,-0.0072945719802616675
000651.SZ,2019-03-25,45.47,45.67,44.88,44.99,46.16,-1.17,-2.5347,570378.1,2580637.872,,,,,,,,,46.27,-0.0023773503349904155
000651.SZ,2019-03-26,45.28,45.43,44.26,44.8,44.99,-0.19,-0.4223,490953.54,2202652.5,,,,,,,,,46.16,-0.02534662045060647
000651.SZ,2019-03-27,45.08,45.78,44.85,45.6,44.8,0.8,1.7857,430795.6,1955936.752,,,,,,,,,44.99,-0.004223160702378413
000651.SZ,2019-03-28,45.37,45.98,45.04,45.63,45.6,0.03,0.0658,346265.42,1578843.399,,,,,,,,,44.8,0.017857142857142953
000651.SZ,2019-03-29,45.66,47.3,45.66,47.21,45.63,1.58,3.4626,795880.27,3735999.148,,,,,,,,,45.6,0.0006578947368421302
000651.SZ,2019-04-09,51.93,51.93,51.93,51.93,47.21,4.72,9.9979,108436.42,563110.329,,,,,,,,,45.63,0.03462634231864997
000651.SZ,2019-04-10,57.12,57.12,54.56,57.12,51.93,5.19,9.9942,3228750.34,18195734.529,,,,,,,,,47.21,0.09997881804702391
000651.SZ,2019-04-11,57.33,58.39,54.7,55.2,57.12,-1.92,-3.3613,1743277.44,9811601.249,,,,,,,,,51.93,0.09994222992489886
000651.SZ,2019-04-12,54.81,56.0,52.9,54.55,55.2,-0.65,-1.1775,1092515.12,5933569.427,,,,,,,,,57.12,-0.03361344537815117
000651.SZ,2019-04-15,55.76,58.55,55.21,56.7,54.55,2.15,3.9413,1385286.09,7924294.184,,,,,,,,,55.2,-0.011775362318840682
000651.SZ,2019-04-16,56.3,58.28,55.73,58.24,56.7,1.54,2.716,905344.95,5187989.049,,,,,,,,,54.55,0.03941338221814859
000651.SZ,2019-04-17,58.24,58.34,57.0,57.46,58.24,-0.78,-1.3393,711349.36,4097149.914,,,,,,,,,56.7,0.027160493827160476
000651.SZ,2019-04-18,58.46,60.1,58.16,59.5,57.46,2.04,3.5503,960455.16,5691630.982,,,,,,,,,58.24,-0.013392857142857161
000651.SZ,2019-04-19,59.5,65.4,58.68,65.0,59.5,5.5,9.2437,1044285.16,6464561.22,,,,,,,,,57.46,0.035502958579881644
000651.SZ,2019-04-22,63.73,64.29,60.88,61.14,65.0,-3.86,-5.9385,1268734.32,7902553.682,,,,,,,,,59.5,0.09243697478991597
000651.SZ,2019-04-23,60.9,61.5,59.49,60.99,61.14,-0.15,-0.2453,874881.96,5297737.674,,,,,,,,,65.0,-0.059384615384615376
000651.SZ,2019-04-24,61.7,61.88,59.72,59.91,60.99,-1.08,-1.7708,838473.54,5064464.312,,,,,,,,,61.14,-0.002453385672227651
000651.SZ,2019-04-25,59.3,59.6,57.3,57.75,59.91,-2.16,-3.6054,888110.27,5184675.669,,,,,,,,,60.99,-0.017707820954254883
000651.SZ,2019-04-26,57.73,58.28,56.1,56.18,57.75,-1.57,-2.7186,720596.29,4085011.582,,,,,,,,,59.91,-0.03605408112168247
000651.SZ,2019-04-29,55.75,58.59,55.01,57.31,56.18,1.13,2.0114,947510.43,5415667.747,,,,,,,,,57.75,-0.027186147186147192
000651.SZ,2019-04-30,54.85,57.14,54.5,55.58,57.31,-1.73,-3.0187,853422.81,4757352.328,,,,,,,,,56.18,0.02011391954432187
000651.SZ,2019-05-06,53.38,54.66,51.2,51.53,55.58,-4.05,-7.2868,1358113.58,7109823.921,,,,,,,,,57.31,-0.030186703891118546
000651.SZ,2019-05-07,52.05,54.22,52.05,53.42,51.53,1.89,3.6678,927002.22,4947665.649,,,,,,,,,55.58,-0.07286793810723277
000651.SZ,2019-05-08,52.0,53.66,51.7,52.33,53.42,-1.09,-2.0404,554790.12,2928669.509,,,,,,,,,51.53,0.03667766349699205
000651.SZ,2019-05-09,51.88,52.52,50.52,51.8,52.33,-0.53,-1.0128,737335.01,3800419.825,,,,,,,,,53.42,-0.020404342942718146
000651.SZ,2019-05-10,53.0,56.15,51.76,55.25,51.8,3.45,6.6602,900505.25,4872752.401,,,,,,,,,52.33,-0.010128033632715482
000651.SZ,2019-05-13,53.22,55.29,53.22,54.1,55.25,-1.15,-2.0814,453344.47,2464302.588,,,,,,,,,51.8,0.06660231660231666
000651.SZ,2019-05-14,53.25,54.49,53.02,53.36,54.1,-0.74,-1.3678,508396.33,2729489.568,,,,,,,,,55.25,-0.020814479638009024
000651.SZ,2019-05-15,54.5,56.25,54.2,55.94,53.36,2.58,4.8351,738308.78,4083930.852,,,,,,,,,54.1,-0.013678373382624806
000651.SZ,2019-05-16,55.7,56.58,55.5,56.19,55.94,0.25,0.4469,431781.58,2418916.529,,,,,,,,,53.36,0.048350824587706114
000651.SZ,2019-05-17,56.2,56.42,54.15,54.8,56.19,-1.39,-2.4737,491829.68,2707163.841,,,,,,,,,55.94,0.00446907400786557
000651.SZ,2019-05-20,54.35,55.19,52.82,53.64,54.8,-1.16,-2.1168,460217.53,2467504.22,,,,,,,,,56.19,-0.024737497775404887
000651.SZ,2019-05-21,53.84,56.24,53.82,55.45,53.64,1.81,3.3743,518951.27,2864609.232,,,,,,,,,54.8,-0.02116788321167877
000651.SZ,2019-05-22,55.6,55.95,54.7,55.0,55.45,-0.45,-0.8115,276496.62,1528098.253,,,,,,,,,53.64,0.033743475018642846
000651.SZ,2019-05-23,55.0,55.1,52.88,52.88,55.0,-2.12,-3.8545,523029.5,2797634.889,,,,,,,,,55.45,-0.008115419296663711
000651.SZ,2019-05-24,53.05,54.45,53.05,53.9,52.88,1.02,1.9289,429520.23,2315195.27,,,,,,,,,55.0,-0.0385454545454545
000651.SZ,2019-05-27,54.01,54.5,52.98,54.05,53.9,0.15,0.2783,352294.27,1890637.839,,,,,,,,,52.88,0.019288956127080106
000651.SZ,2019-05-28,54.0,55.33,53.8,54.9,54.05,0.85,1.5726,399621.73,2183517.843,,,,,,,,,53.9,0.0027829313543598997
000651.SZ,2019-05-29,54.13,54.66,53.7,54.1,54.9,-0.8,-1.4572,295262.21,1599251.828,,,,,,,,,54.05,0.015726179463459788
000651.SZ,2019-05-30,53.64,53.79,52.63,52.94,54.1,-1.16,-2.1442,455447.77,2413602.18,,,,,,,,,54.9,-0.014571948998178454
000651.SZ,2019-05-31,52.9,53.53,52.17,52.31,52.94,-0.63,-1.19,374222.12,1973124.88,,,,,,,,,54.1,-0.02144177449168214
000651.SZ,2019-06-03,52.71,53.14,51.9,52.5,52.31,0.19,0.3632,367293.13,1929034.4,,,,,,,,,52.94,-0.011900264450321033
000651.SZ,2019-06-04,52.5,53.18,51.03,51.48,52.5,-1.02,-1.9429,370915.46,1924963.749,,,,,,,,,52.31,0.0036321926973809544
000651.SZ,2019-06-05,52.2,53.31,50.99,52.35,51.48,0.87,1.69,496296.98,2596265.207,,,,,,,,,52.5,-0.01942857142857149
000651.SZ,2019-06-06,52.35,53.1,51.99,52.6,52.35,0.25,0.4776,288392.61,1516494.956,,,,,,,,,51.48,0.01689976689976699
000651.SZ,2019-06-10,53.1,53.25,52.42,53.04,52.6,0.44,0.8365,359323.14,1904413.905,,,,,,,,,52.35,0.004775549188156638
000651.SZ,2019-06-11,52.9,54.07,52.37,53.95,53.04,0.91,1.7157,703451.56,3761480.35,,,,,,,,,52.6,0.0083650190114068
000651.SZ,2019-06-12,53.82,53.83,52.51,52.78,53.95,-1.17,-2.1687,486307.04,2579947.892,,,,,,,,,53.04,0.01715686274509811
000651.SZ,2019-06-13,52.4,52.41,50.77,51.27,52.78,-1.51,-2.8609,689768.08,3531723.069,,,,,,,,,53.95,-0.021686746987951838
000651.SZ,2019-06-14,51.28,51.94,51.08,51.16,51.27,-0.11,-0.2146,329458.34,1694156.126,,,,,,,,,52.78,-0.02860932171276995
000651.SZ,2019-06-17,51.2,51.65,50.57,50.74,51.16,-0.42,-0.821,386913.09,1971143.608,,,,,,,,,51.27,-0.0021455041934855964
000651.SZ,2019-06-18,50.86,51.21,50.41,51.03,50.74,0.29,0.5715,285225.58,1450253.455,,,,,,,,,51.16,-0.008209538702110919
000651.SZ,2019-06-19,52.25,52.98,52.01,52.11,51.03,1.08,2.1164,573294.04,3006518.737,,,,,,,,,50.74,0.0057154119038233964
000651.SZ,2019-06-20,52.11,54.26,52.02,54.0,52.11,1.89,3.6269,720591.96,3858013.749,,,,,,,,,51.03,0.02116402116402113
000651.SZ,2019-06-21,54.35,54.8,53.21,53.31,54.0,-0.69,-1.2778,547781.65,2942997.861,,,,,,,,,52.11,0.03626943005181348
000651.SZ,2019-06-24,53.8,54.87,53.3,54.35,53.31,1.04,1.9509,502353.11,2731804.701,,,,,,,,,54.0,-0.012777777777777735
000651.SZ,2019-06-25,54.35,54.66,53.19,54.1,54.35,-0.25,-0.46,416150.8,2244694.468,,,,,,,,,53.31,0.019508534984055508
000651.SZ,2019-06-26,53.56,54.6,53.53,54.47,54.1,0.37,0.6839,307170.55,1668305.22,,,,,,,,,54.35,-0.004599816007359705
000651.SZ,2019-06-27,54.7,55.5,54.5,54.99,54.47,0.52,0.9547,414584.93,2283645.213,,,,,,,,,54.1,0.006839186691312337
000651.SZ,2019-06-28,55.15,55.36,54.32,55.0,54.99,0.01,0.0182,269378.06,1481403.139,,,,,,,,,54.47,0.009546539379474998
000651.SZ,2019-07-01,56.24,59.0,56.18,58.59,55.0,3.59,6.5273,878954.88,5087684.513,,,,,,,,,54.99,0.00018185124568099672
000651.SZ,2019-07-02,58.33,58.95,58.21,58.57,58.59,-0.02,-0.0341,440288.66,2581076.97,,,,,,,,,55.0,0.06527272727272733
000651.SZ,2019-07-03,58.28,58.5,56.9,57.33,58.57,-1.24,-2.1171,408910.86,2357767.746,,,,,,,,,58.59,-0.00034135518006491084
000651.SZ,2019-07-04,57.6,58.16,56.43,56.88,57.33,-0.45,-0.7849,373648.79,2138683.989,,,,,,,,,58.57,-0.021171248079221477
000651.SZ,2019-07-05,57.08,58.18,56.75,58.1,56.88,1.22,2.1449,306279.2,1768695.785,,,,,,,,,57.33,-0.007849293563579204
000651.SZ,2019-07-08,57.7,57.74,55.89,56.48,58.1,-1.62,-2.7883,405250.2,2294026.382,,,,,,,,,56.88,0.021448663853727123
000651.SZ,2019-07-09,56.49,56.88,55.51,55.99,56.48,-0.49,-0.8676,244967.35,1373450.597,,,,,,,,,58.1,-0.027882960413080974
000651.SZ,2019-07-10,56.54,56.66,55.76,56.29,55.99,0.3,0.5358,247566.19,1392394.854,,,,,,,,,56.48,-0.008675637393767616
000651.SZ,2019-07-11,56.83,57.57,55.75,56.0,56.29,-0.29,-0.5152,409245.43,2314552.503,,,,,,,,,55.99,0.0053580996606536375
000651.SZ,2019-07-12,56.0,56.87,55.58,56.48,56.0,0.48,0.8571,294307.54,1656330.891,,,,,,,,,56.29,-0.005151891987919687
000651.SZ,2019-07-15,55.89,56.6,54.6,55.88,56.48,-0.6,-1.0623,430977.48,2392105.124,,,,,,,,,56.0,0.008571428571428516
000651.SZ,2019-07-16,56.0,56.09,54.64,54.81,55.88,-1.07,-1.9148,376208.64,2071224.257,,,,,,,,,56.48,-0.010623229461756274
000651.SZ,2019-07-17,54.72,54.79,54.1,54.53,54.81,-0.28,-0.5109,281459.38,1532366.881,,,,,,,,,55.88,-0.019148174659985688
000651.SZ,2019-07-18,54.49,54.5,53.7,54.4,54.53,-0.13,-0.2384,283549.36,1532376.597,,,,,,,,,54.81,-0.005108556832694784
000651.SZ,2019-07-19,54.7,54.79,54.02,54.2,54.4,-0.2,-0.3676,377029.91,2046724.236,,,,,,,,,54.53,-0.0023840088024940868
000651.SZ,2019-07-22,54.2,54.5,53.53,54.0,54.2,-0.2,-0.369,213064.32,1151569.018,,,,,,,,,54.4,-0.003676470588235216
000651.SZ,2019-07-23,54.01,54.4,53.81,54.4,54.0,0.4,0.7407,229057.22,1240636.899,,,,,,,,,54.2,-0.003690036900369056
000651.SZ,2019-07-24,54.68,55.55,54.56,54.76,54.4,0.36,0.6618,355886.42,1959561.57,,,,,,,,,54.0,0.007407407407407381
000651.SZ,2019-07-25,54.76,55.35,54.41,55.12,54.76,0.36,0.6574,225677.22,1239775.444,,,,,,,,,54.4,0.006617647058823519
000651.SZ,2019-07-26,54.71,55.56,54.67,55.46,55.12,0.34,0.6168,254616.0,1409163.462,,,,,,,,,54.76,0.006574141709276835
000651.SZ,2019-07-29,55.45,55.68,54.2,54.62,55.46,-0.84,-1.5146,359377.2,1967681.956,,,,,,,,,55.12,0.00616835994194491
000651.SZ,2019-07-30,54.64,55.3,54.4,55.08,54.62,0.46,0.8422,273302.63,1504014.085,,,,,,,,,55.46,-0.015146051208077955
000651.SZ,2019-07-31,55.31,55.89,54.9,55.09,55.08,0.01,0.0182,287263.24,1587851.073,,,,,,,,,54.62,0.00842182350787259
000651.SZ,2019-08-01,55.0,55.0,53.38,53.68,55.09,-1.41,-2.5594,482956.72,2603710.653,,,,,,,,,55.08,0.00018155410312282346
000651.SZ,2019-08-02,52.0,53.63,51.31,53.43,53.68,-0.25,-0.4657,411599.55,2163381.814,,,,,,,,,55.09,-0.02559448175712477
000651.SZ,2019-08-05,53.4,53.8,52.66,52.98,53.43,-0.45,-0.8422,394928.69,2095253.144,,,,,,,,,53.68,-0.0046572280178837555
000651.SZ,2019-08-06,50.6,51.3,49.05,50.93,51.48,-0.55,-1.0684,532003.43,2673208.385,,,,,,,,,53.43,-0.036496350364963556
000651.SZ,2019-08-07,51.1,51.45,50.26,50.27,50.93,-0.66,-1.2959,242402.84,1229731.987,,,,,,,,,51.48,-0.010683760683760628
000651.SZ,2019-08-08,50.5,51.44,50.42,51.0,50.27,0.73,1.4522,296270.86,1508171.154,,,,,,,,,50.93,-0.012958963282937297
000651.SZ,2019-08-09,51.03,51.29,49.68,49.94,51.0,-1.06,-2.0784,391730.18,1966289.443,,,,,,,,,50.27,0.014521583449373321
000651.SZ,2019-08-12,49.8,50.49,49.6,50.38,49.94,0.44,0.8811,235654.61,1181813.533,,,,,,,,,51.0,-0.02078431372549024
000651.SZ,2019-08-13,50.65,52.3,50.65,51.36,50.38,0.98,1.9452,498999.52,2576555.714,,,,,,,,,49.94,0.008810572687224768
000651.SZ,2019-08-14,52.73,53.0,51.5,51.56,51.36,0.2,0.3894,323715.61,1688194.971,,,,,,,,,50.38,0.019452163556966988
000651.SZ,2019-08-15,50.56,51.35,50.16,51.3,51.56,-0.26,-0.5043,226727.42,1153442.544,,,,,,,,,51.36,0.0038940809968847907
000651.SZ,2019-08-16,51.2,51.68,50.6,51.25,51.3,-0.05,-0.0975,289949.05,1485214.218,,,,,,,,,51.56,-0.005042668735453939
000651.SZ,2019-08-19,51.8,52.5,51.55,52.42,51.25,1.17,2.2829,344397.8,1795197.526,,,,,,,,,51.3,-0.0009746588693956562
000651.SZ,2019-08-20,52.4,53.09,52.02,52.79,52.42,0.37,0.7058,317058.27,1669667.772,,,,,,,,,51.25,0.02282926829268296
000651.SZ,2019-08-21,52.6,55.2,52.58,54.54,52.79,1.75,3.315,664284.54,3600329.679,,,,,,,,,52.42,0.007058374666157906
000651.SZ,2019-08-22,54.99,55.45,54.51,54.88,54.54,0.34,0.6234,368523.26,2026121.139,,,,,,,,,52.79,0.03315021784428869
000651.SZ,2019-08-23,55.1,55.39,54.51,54.89,54.88,0.01,0.0182,325909.86,1790338.562,,,,,,,,,54.54,0.006233956729006297
000651.SZ,2019-08-26,53.46,54.48,53.26,54.17,54.89,-0.72,-1.3117,338864.36,1831120.191,,,,,,,,,54.88,0.00018221574344019697
000651.SZ,2019-08-27,54.41,55.99,54.41,55.35,54.17,1.18,2.1783,472372.59,2622023.778,,,,,,,,,54.89,-0.0131171433776644
000651.SZ,2019-08-28,55.78,55.79,55.01,55.32,55.35,-0.03,-0.0542,243395.73,1347449.562,,,,,,,,,54.17,0.021783274875392278
000651.SZ,2019-08-29,55.5,55.74,54.02,54.78,55.32,-0.54,-0.9761,302430.57,1652930.092,,,,,,,,,55.35,-0.000542005420054221
000651.SZ,2019-08-30,55.32,55.95,55.02,55.5,54.78,0.72,1.3143,410238.31,2279607.701,,,,,,,,,55.32,-0.00976138828633404
000651.SZ,2019-09-02,56.95,57.82,56.7,57.47,55.5,1.97,3.5495,684288.71,3926350.831,,,,,,,,,54.78,0.013143483023001074
000651.SZ,2019-09-03,58.41,58.43,57.1,57.8,57.47,0.33,0.5742,511978.07,2960811.299,,,,,,,,,55.5,0.03549549549549547
000651.SZ,2019-09-04,57.79,59.85,57.3,59.85,57.8,2.05,3.5467,644380.69,3817675.951,,,,,,,,,57.47,0.0057421263267791595
000651.SZ,2019-09-05,59.91,60.56,58.81,58.87,59.85,-0.98,-1.6374,483040.61,2876712.471,,,,,,,,,57.8,0.03546712802768174
000651.SZ,2019-09-06,59.2,59.2,58.0,58.8,58.87,-0.07,-0.1189,385050.25,2255748.893,,,,,,,,,59.85,-0.01637426900584802
000651.SZ,2019-09-09,59.19,59.89,59.0,59.34,58.8,0.54,0.9184,375943.5,2235012.893,,,,,,,,,58.87,-0.0011890606420927516
000651.SZ,2019-09-10,59.8,60.12,59.24,59.4,59.34,0.06,0.1011,246978.65,1471962.475,,,,,,,,,58.8,0.009183673469387862
000651.SZ,2019-09-11,59.4,59.44,58.01,58.7,59.4,-0.7,-1.1785,310354.93,1815127.885,,,,,,,,,59.34,0.0010111223458037608
000651.SZ,2019-09-12,59.07,59.79,59.06,59.61,58.7,0.91,1.5503,274926.19,1636634.362,,,,,,,,,59.4,-0.011784511784511714
000651.SZ,2019-09-16,59.47,59.5,58.52,58.93,59.61,-0.68,-1.1407,217971.6,1285825.343,,,,,,,,,58.7,0.015502555366269107
000651.SZ,2019-09-17,58.93,58.93,57.3,57.6,58.93,-1.33,-2.2569,307472.74,1782007.543,,,,,,,,,59.61,-0.011407481966113063
000651.SZ,2019-09-18,58.01,58.5,57.72,58.22,57.6,0.62,1.0764,177467.11,1031084.968,,,,,,,,,58.93,-0.02256914983879176
000651.SZ,2019-09-19,58.8,59.45,58.08,58.49,58.22,0.27,0.4638,278516.7,1635615.295,,,,,,,,,57.6,0.010763888888888844
000651.SZ,2019-09-20,58.51,58.58,57.62,58.04,58.49,-0.45,-0.7694,237622.32,1378000.949,,,,,,,,,58.22,0.00463758158708353
000651.SZ,2019-09-23,58.4,58.44,57.0,57.71,58.04,-0.33,-0.5686,215580.59,1237864.785,,,,,,,,,58.49,-0.007693622841511418
000651.SZ,2019-09-24,58.06,58.61,57.6,58.16,57.71,0.45,0.7798,221275.77,1289106.327,,,,,,,,,58.04,-0.005685733976567855
000651.SZ,2019-09-25,57.88,58.2,57.68,57.82,58.16,-0.34,-0.5846,156514.74,905978.54,,,,,,,,,57.71,0.007797608733321707
000651.SZ,2019-09-26,58.0,58.34,57.19,57.62,57.82,-0.2,-0.3459,193271.08,1117471.576,,,,,,,,,58.16,-0.005845942228335563
000651.SZ,2019-09-27,57.62,57.77,56.36,56.9,57.62,-0.72,-1.2496,223510.01,1272964.287,,,,,,,,,57.82,-0.0034590107229332903
000651.SZ,2019-09-30,56.9,58.08,56.58,57.3,56.9,0.4,0.703,226118.65,1300850.313,,,,,,,,,57.62,-0.01249566122874
000651.SZ,2019-10-08,57.5,58.9,57.18,58.15,57.3,0.85,1.4834,266628.39,1554229.522,,,,,,,,,56.9,0.007029876977152875
000651.SZ,2019-10-09,58.0,58.18,57.0,57.02,58.15,-1.13,-1.9433,219807.78,1257625.102,,,,,,,,,57.3,0.014834205933682398
000651.SZ,2019-10-10,57.0,58.06,56.51,57.71,57.02,0.69,1.2101,216125.13,1238249.009,,,,,,,,,58.15,-0.019432502149612993
000651.SZ,2019-10-11,58.39,58.68,57.54,58.57,57.71,0.86,1.4902,294274.23,1715621.443,,,,,,,,,57.02,0.012101017186951906
000651.SZ,2019-10-14,59.2,59.59,58.4,58.7,58.57,0.13,0.222,229921.86,1354296.793,,,,,,,,,57.71,0.014902096690348284
000651.SZ,2019-10-15,58.69,59.15,58.15,58.9,58.7,0.2,0.3407,177204.36,1041246.121,,,,,,,,,58.57,0.0022195663308861627
000651.SZ,2019-10-16,58.9,59.58,58.5,59.02,58.9,0.12,0.2037,211812.93,1254561.757,,,,,,,,,58.7,0.00340715502555359
000651.SZ,2019-10-17,58.9,58.96,58.08,58.25,59.02,-0.77,-1.3046,182518.14,1065658.739,,,,,,,,,58.9,0.002037351443124016
000651.SZ,2019-10-18,58.5,59.0,57.69,57.8,58.25,-0.45,-0.7725,211609.01,1236477.766,,,,,,,,,59.02,-0.013046424940698121
000651.SZ,2019-10-21,57.72,58.65,57.4,58.44,57.8,0.64,1.1073,148176.63,863735.58,,,,,,,,,58.25,-0.0077253218884120655
000651.SZ,2019-10-22,58.99,59.0,58.1,58.81,58.44,0.37,0.6331,168349.37,985449.306,,,,,,,,,57.8,0.011072664359861602
000651.SZ,2019-10-23,58.91,59.33,58.52,58.73,58.81,-0.08,-0.136,160971.86,947682.81,,,,,,,,,58.44,0.006331279945243062
000651.SZ,2019-10-24,58.7,58.93,58.04,58.18,58.73,-0.55,-0.9365,155311.65,906955.58,,,,,,,,,58.81,-0.0013603128719606426
000651.SZ,2019-10-25,58.38,58.41,56.04,57.15,58.18,-1.03,-1.7704,476983.96,2704591.533,,,,,,,,,58.73,-0.009364890175378804
000651.SZ,2019-10-28,57.15,57.67,56.46,56.9,57.15,-0.25,-0.4374,241273.34,1372454.891,,,,,,,,,58.18,-0.01770367823994502
000651.SZ,2019-10-29,58.5,60.04,57.26,59.39,56.9,2.49,4.3761,805804.01,4757487.141,,,,,,,,,57.15,-0.004374453193350831
000651.SZ,2019-10-30,59.71,60.39,58.35,58.67,59.39,-0.72,-1.2123,410228.62,2426195.857,,,,,,,,,56.9,0.04376098418277684
000651.SZ,2019-10-31,58.01,59.22,58.0,58.7,58.67,0.03,0.0511,360312.49,2118688.495,,,,,,,,,59.39,-0.012123253072907878
000651.SZ,2019-11-01,59.0,64.4,58.83,63.78,58.7,5.08,8.6542,1175315.72,7340613.348,,,,,,,,,58.67,0.0005113345832623341
000651.SZ,2019-11-04,64.1,64.98,63.21,64.45,63.78,0.67,1.0505,573827.73,3688033.678,,,,,,,,,58.7,0.086541737649063
000651.SZ,2019-11-05,64.46,65.16,63.5,64.08,64.45,-0.37,-0.5741,535927.51,3443814.986,,,,,,,,,63.78,0.010504860457823796
000651.SZ,2019-11-06,64.1,64.45,63.36,63.5,64.08,-0.58,-0.9051,335865.54,2144646.331,,,,,,,,,64.45,-0.00574088440651675
000651.SZ,2019-11-07,63.7,63.8,62.8,63.71,63.5,0.21,0.3307,317616.78,2010258.543,,,,,,,,,64.08,-0.009051186017478126
000651.SZ,2019-11-08,64.0,64.63,63.2,63.61,63.71,-0.1,-0.157,341203.24,2178351.313,,,,,,,,,63.5,0.0033070866141732417
000651.SZ,2019-11-11,62.3,62.45,60.7,61.17,63.61,-2.44,-3.8359,681351.87,4186552.485,,,,,,,,,63.71,-0.0015696123057604993
000651.SZ,2019-11-12,59.8,60.08,58.62,59.16,61.17,-2.01,-3.2859,636537.13,3777070.758,,,,,,,,,63.61,-0.03835874862443009
000651.SZ,2019-11-13,59.45,59.53,58.48,58.85,59.16,-0.31,-0.524,364776.12,2143608.691,,,,,,,,,61.17,-0.03285924472780783
000651.SZ,2019-11-14,59.18,59.55,58.68,59.13,58.85,0.28,0.4758,353944.97,2090616.405,,,,,,,,,59.16,-0.005240027045300797
000651.SZ,2019-11-15,59.45,59.49,58.7,58.86,59.13,-0.27,-0.4566,202104.32,1193783.635,,,,,,,,,58.85,0.00475785896346646
000651.SZ,2019-11-18,58.79,58.99,58.3,58.99,58.86,0.13,0.2209,225984.61,1325332.947,,,,,,,,,59.13,-0.004566210045662153
000651.SZ,2019-11-19,59.18,59.97,58.91,59.46,58.99,0.47,0.7967,352369.16,2098743.808,,,,,,,,,58.86,0.002208630648997665
000651.SZ,2019-11-20,59.3,59.4,58.73,58.86,59.46,-0.6,-1.0091,221706.0,1306719.621,,,,,,,,,58.99,0.007967452110527188
000651.SZ,2019-11-21,58.51,58.51,57.03,57.45,58.86,-1.41,-2.3955,439535.33,2529726.169,,,,,,,,,59.46,-0.010090817356205876
000651.SZ,2019-11-22,57.5,58.13,56.2,56.72,57.45,-0.73,-1.2707,368534.9,2104068.512,,,,,,,,,58.86,-0.02395514780835876
000651.SZ,2019-11-25,56.72,57.84,56.36,57.81,56.72,1.09,1.9217,351298.85,2012181.894,,,,,,,,,57.45,-0.012706701479547501
000651.SZ,2019-11-26,58.21,58.76,57.85,58.54,57.81,0.73,1.2628,345754.8,2017689.992,,,,,,,,,56.72,0.019217207334273685
000651.SZ,2019-11-27,57.8,57.9,56.9,57.64,58.54,-0.9,-1.5374,349870.41,2009248.258,,,,,,,,,57.81,0.012627573084241426
000651.SZ,2019-11-28,57.71,58.61,57.71,58.45,57.64,0.81,1.4053,298217.72,1739128.654,,,,,,,,,58.54,-0.015374103177314632
000651.SZ,2019-11-29,58.38,58.78,56.95,57.71,58.45,-0.74,-1.266,337348.4,1955006.45,,,,,,,,,57.64,0.014052741151977832
000651.SZ,2019-12-03,60.0,61.19,59.2,60.8,57.71,3.09,5.3544,900325.86,5414302.506,,,,,,,,,58.45,-0.012660393498716886
000651.SZ,2019-12-04,60.78,63.46,60.37,62.58,60.8,1.78,2.9276,784965.69,4882232.339,,,,,,,,,57.71,0.0535435799688095
000651.SZ,2019-12-05,62.7,63.05,61.82,62.27,62.58,-0.31,-0.4954,452729.36,2821022.539,,,,,,,,,60.8,0.029276315789473706
000651.SZ,2019-12-06,62.36,62.88,62.02,62.39,62.27,0.12,0.1927,312483.06,1947670.639,,,,,,,,,62.58,-0.0049536593160753465
000651.SZ,2019-12-09,62.39,62.85,61.9,62.15,62.39,-0.24,-0.3847,290231.55,1809238.672,,,,,,,,,62.27,0.0019270916974465622
000651.SZ,2019-12-10,62.44,62.45,61.7,62.16,62.15,0.01,0.0161,235236.85,1462272.841,,,,,,,,,62.39,-0.003846770315755762
000651.SZ,2019-12-11,62.51,62.59,61.12,61.4,62.16,-0.76,-1.2227,291399.37,1794894.22,,,,,,,,,62.15,0.00016090104585676605
000651.SZ,2019-12-12,61.8,62.0,61.12,61.48,61.4,0.08,0.1303,202593.66,1247667.564,,,,,,,,,62.16,-0.012226512226512195
000651.SZ,2019-12-13,61.9,63.39,61.9,62.99,61.48,1.51,2.4561,442358.77,2781770.141,,,,,,,,,61.4,0.0013029315960911775
000651.SZ,2019-12-16,63.38,63.65,62.72,63.1,62.99,0.11,0.1746,305590.75,1927328.052,,,,,,,,,61.48,0.02456083279115168
000651.SZ,2019-12-17,63.1,64.51,63.01,64.11,63.1,1.01,1.6006,392626.39,2509277.11,,,,,,,,,62.99,0.0017463089379266459
000651.SZ,2019-12-18,64.39,66.1,64.12,64.37,64.11,0.26,0.4056,451518.3,2933611.003,,,,,,,,,63.1,0.0160063391442155
000651.SZ,2019-12-19,64.65,65.5,64.41,65.0,64.37,0.63,0.9787,281463.43,1829088.621,,,,,,,,,64.11,0.004055529558571286
000651.SZ,2019-12-20,64.99,65.42,64.33,64.51,65.0,-0.49,-0.7538,234278.39,1515833.509,,,,,,,,,64.37,0.00978716793537355
000651.SZ,2019-12-23,65.07,65.6,64.5,64.5,64.51,-0.01,-0.0155,337709.91,2195706.612,,,,,,,,,65.0,-0.00753846153846146
000651.SZ,2019-12-24,64.93,65.49,64.66,65.02,64.5,0.52,0.8062,191216.19,1243312.507,,,,,,,,,64.51,-0.0001550147263990872
000651.SZ,2019-12-25,65.0,65.19,64.15,64.4,65.02,-0.62,-0.9536,198372.4,1283338.035,,,,,,,,,64.5,0.008062015503875907
000651.SZ,2019-12-26,64.46,64.8,64.25,64.78,64.4,0.38,0.5901,165339.53,1066132.821,,,,,,,,,65.02,-0.009535527529990625
000651.SZ,2019-12-27,65.15,65.76,64.4,64.53,64.78,-0.25,-0.3859,249793.35,1624183.453,,,,,,,,,64.4,0.005900621118012352
000651.SZ,2019-12-30,64.57,65.7,64.05,65.58,64.53,1.05,1.6272,264579.81,1724506.753,,,,,,,,,64.78,-0.003859215807347947
000651.SZ,2019-12-31,65.35,65.86,64.8,65.58,65.58,0.0,0.0,209307.99,1366603.121,,,,,,,,,64.53,0.016271501627150117
000651.SZ,2020-01-02,65.99,68.09,65.9,67.9,65.58,2.32,3.5377,463614.43,3119667.657,100.0,0.03086,1.0,0.35946161665591414,-0.90811667371879,-1.2675782903747042,1.9935222512440465,33.374653167000105,65.58,0.0
000651.SZ,2020-01-03,68.38,68.7,66.9,67.1,67.9,-0.8,-1.1782,368703.73,2494833.314,100.0,0.03086,0.9972602739726028,0.35946161665591414,-0.8132442780780675,-1.1722131438283783,2.435638854771007,31.504967981476845,65.58,0.03537663921927428
000651.SZ,2020-01-06,66.8,67.07,65.0,65.88,67.1,-1.22,-1.8182,467802.55,3092810.584,100.0,0.03086,0.989041095890411,0.35946161665591414,-0.8519650088487962,-1.209451546729047,2.2424853556588094,32.13641327447562,67.9,-0.011782032400589268
000651.SZ,2020-01-07,66.17,67.55,66.0,67.32,65.88,1.44,2.1858,410765.95,2759986.206,100.0,0.03086,0.9863013698630136,0.35946161665591414,-0.9052795633828911,-1.2622706241880448,2.0010376607708533,33.123166563573896,67.1,-0.018181818181818167
000651.SZ,2020-01-08,66.6,69.67,66.6,68.8,67.32,1.48,2.1985,487808.96,3335825.897,100.0,0.03086,0.9835616438356164,0.35946161665591414,-0.8466202556702367,-1.2031151507584696,2.265608545644911,31.955939125839848,65.88,0.021857923497267725
000651.SZ,2020-01-09,69.66,70.56,69.06,69.88,68.8,1.08,1.5698,348538.12,2440521.148,100.0,0.03086,0.9808219178082191,0.35946161665591414,-0.7874508996778844,-1.1434489375280268,2.561340963367103,30.779873914418204,67.32,0.021984551396316162
000651.SZ,2020-01-10,70.01,70.55,69.42,69.75,69.88,-0.13,-0.186,200324.74,1400528.269,100.0,0.03086,0.9780821917808219,0.35946161665591414,-0.7454751729932039,-1.100975659184619,2.7894757664533483,29.936211781883543,68.8,0.01569767441860463
000651.SZ,2020-01-13,69.92,70.2,69.16,69.76,69.75,0.01,0.0143,271151.51,1887571.54,100.0,0.03086,0.9698630136986301,0.35946161665591414,-0.7561038333786648,-1.1101074687694275,2.7252838573298277,30.026633227621232,69.88,-0.0018603319977102957
000651.SZ,2020-01-14,70.05,70.44,69.4,69.81,69.76,0.05,0.0717,213076.75,1487443.412,100.0,0.03086,0.9671232876712329,0.35946161665591414,-0.7575083913547211,-1.1110116680001534,2.715978500227493,30.01553370957609,69.75,0.0001433691756273135
000651.SZ,2020-01-15,70.13,70.16,68.47,68.9,69.81,-0.91,-1.3035,278533.63,1920151.797,100.0,0.03086,0.9643835616438357,0.35946161665591414,-0.7572948753890961,-1.1102970840624105,2.715633018069404,29.973394760291377,69.76,0.0007167431192660142
000651.SZ,2020-01-16,69.34,69.34,66.94,67.32,68.9,-1.58,-2.2932,459585.49,3099750.015,100.0,0.03086,0.9616438356164384,0.35946161665591414,-0.7963377644872235,-1.1488381929372034,2.505320197775731,30.681289166745884,69.81,-0.013035381750465501
000651.SZ,2020-01-17,67.99,68.56,67.45,67.91,67.32,0.59,0.8764,300553.06,2040298.063,100.0,0.03086,0.958904109589041,0.35946161665591414,-0.8641237206107071,-1.2161216535401498,2.1734743279919364,31.937651217643786,68.9,-0.02293178519593632
000651.SZ,2020-01-20,68.3,68.39,67.03,68.35,67.91,0.44,0.6479,259466.58,1762760.743,100.0,0.03086,0.9506849315068493,0.35946161665591414,-0.845193199605002,-1.1956793234018563,2.258225904797875,31.457030720682475,67.32,0.008764111705288227
000651.SZ,2020-01-21,67.8,67.8,66.3,66.5,68.35,-1.85,-2.7067,370208.61,2472027.904,100.0,0.03086,0.947945205479452,0.35946161665591414,-0.8287078285612577,-1.1786885647501586,2.336161250384876,31.103176763271904,67.91,0.006479163598880839
000651.SZ,2020-01-22,66.15,67.1,64.8,66.64,66.5,0.14,0.2105,392412.38,2582805.713,100.0,0.03086,0.9452054794520548,0.35946161665591414,-0.9091731613714804,-1.2586477790942934,1.9696765775261884,32.59490348164256,68.35,-0.027066569129480533
000651.SZ,2020-01-23,65.93,66.0,63.52,63.94,66.64,-2.7,-4.0516,531576.5,3427455.373,100.0,0.03086,0.9424657534246575,0.35946161665591414,-0.9052166872778773,-1.254184452496511,1.9853999870628272,32.47883897669414,66.5,0.0021052631578947455
000651.SZ,2020-02-03,58.0,62.0,57.55,58.77,63.94,-5.17,-8.0857,1097909.3,6500814.901,100.0,0.03086,0.9123287671232877,0.35946161665591414,-1.0488880144902788,-1.3922310225488088,1.4413418693996718,34.72515963933794,66.64,-0.04051620648259308
000651.SZ,2020-02-04,59.97,62.2,59.64,61.57,58.77,2.8,4.7643,659832.47,4043015.745,100.0,0.03086,0.9095890410958904,0.35946161665591414,-1.2971656938809146,-1.6399927842805226,0.8070202680725318,39.26905845953325,63.94,-0.08085705348764459
000651.SZ,2020-02-05,62.0,63.5,61.6,62.85,61.57,1.28,2.0789,562788.81,3529336.92,100.0,0.03086,0.9068493150684932,0.35946161665591414,-1.163919879453998,-1.5062302746234146,1.1073433266112822,36.777602634643586,58.77,0.0476433554534626
000651.SZ,2020-02-06,63.5,63.71,61.7,63.24,62.85,0.39,0.6205,494924.78,3103407.42,100.0,0.03086,0.9041095890410958,0.35946161665591414,-1.106246526787188,-1.4480394456287335,1.2641475640660387,35.66262868377783,61.57,0.020789345460451535
000651.SZ,2020-02-07,62.4,62.8,61.78,62.38,63.24,-0.86,-1.3599,475444.1,2956033.59,100.0,0.03086,0.9013698630136986,0.35946161665591414,-1.0905664837677094,-1.431841141630558,1.3094473567783602,35.326150983336305,62.85,0.0062052505966587205
000651.SZ,2020-02-10,62.0,62.3,61.27,62.1,62.38,-0.28,-0.4489,338489.05,2094108.329,100.0,0.03086,0.8931506849315068,0.35946161665591414,-1.1381879232019128,-1.477903054285219,1.1726081703459599,36.0739834890302,63.24,-0.01359898798228968
000651.SZ,2020-02-11,62.76,64.45,62.51,63.92,62.1,1.82,2.9308,447176.25,2846021.212,100.0,0.03086,0.8904109589041096,0.35946161665591414,-1.1539717236143514,-1.4931654190394419,1.1300813826531453,36.319681989438045,62.38,-0.004488618146841954
000651.SZ,2020-02-12,63.89,64.39,62.78,63.82,63.92,-0.1,-0.1564,349949.37,2226659.367,100.0,0.03086,0.8876712328767123,0.35946161665591414,-1.0712304358025326,-1.4099018927417175,1.3645512298034763,34.74237782014965,62.1,0.029307568438003223
000651.SZ,2020-02-13,63.73,64.38,62.56,62.9,63.82,-0.92,-1.4416,386067.06,2438184.137,100.0,0.03086,0.8849315068493151,0.35946161665591414,-1.0782910454739356,-1.416439457379849,1.342298449462354,34.82835171888921,63.92,-0.0015644555694618494
000651.SZ,2020-02-14,62.6,63.42,62.31,62.73,62.9,-0.17,-0.2703,300184.93,1882517.397,100.0,0.03086,0.8821917808219178,0.35946161665591414,-1.1237464986863481,-1.4613710552631356,1.2098162152151417,35.624096859300884,63.82,-0.014415543716703255
000651.SZ,2020-02-17,61.5,63.23,61.41,63.12,62.73,0.39,0.6217,514073.93,3216065.683,100.0,0.03086,0.873972602739726,0.35946161665591414,-1.1394066505437659,-1.4754547414343642,1.1653219658610787,35.77428890798096,62.9,-0.0027027027027027297
000651.SZ,2020-02-18,63.0,63.02,61.9,62.16,63.12,-0.96,-1.5209,499014.64,3103673.019,100.0,0.03086,0.8712328767123287,0.35946161665591414,-1.1235039115449459,-1.459024867850803,1.2080440545899505,35.435241154269754,62.73,0.006217120994739369
000651.SZ,2020-02-19,62.0,62.3,61.11,61.67,62.16,-0.49,-0.7883,399451.9,2468375.708,100.0,0.03086,0.8684931506849315,0.35946161665591414,-1.1718054943463363,-1.506798486585843,1.0800756760085966,36.27550362912066,63.12,-0.015209125475285185
000651.SZ,2020-02-20,61.9,63.5,61.73,63.5,61.67,1.83,2.9674,586762.48,3682160.207,100.0,0.03086,0.8657534246575342,0.35946161665591414,-1.1981022297283466,-1.532566424491791,1.0152389031588696,36.70889840563435,62.16,-0.0078828828828828
000651.SZ,2020-02-21,63.33,63.33,62.2,62.64,63.5,-0.86,-1.3543,543469.91,3402734.451,100.0,0.03086,0.863013698630137,0.35946161665591414,-1.1132167101437858,-1.447151270062253,1.2348487609680996,35.106740508797024,61.67,0.029674071671801496
000651.SZ,2020-02-24,62.12,62.3,61.32,61.57,62.64,-1.07,-1.7082,662047.8,4078317.98,100.0,0.03086,0.8547945205479452,0.35946161665591414,-1.1619466640252394,-1.4942872551294315,1.1022864760663076,35.85887913648406,63.5,-0.013543307086614165
000651.SZ,2020-02-25,60.85,60.85,59.6,60.25,61.57,-1.32,-2.1439,733077.98,4406830.977,100.0,0.03086,0.852054794520548,0.35946161665591414,-1.2165271264965292,-1.5483346930538109,0.9698201891643494,36.80464787948407,62.64,-0.01708173690932312
000651.SZ,2020-02-26,59.2,61.28,59.0,60.29,60.25,0.04,0.0664,566463.7,3408276.665,100.0,0.03086,0.8493150684931506,0.35946161665591414,-1.284697951303876,-1.615971635670513,0.8240131335529064,37.9870765500589,61.57,-0.02143901250609063
000651.SZ,2020-02-27,60.03,61.1,60.03,60.71,60.29,0.42,0.6966,356347.98,2164825.442,100.0,0.03086,0.8465753424657534,0.35946161665591414,-1.2855592225987558,-1.616298162977761,0.8219210480482317,37.95322088708366,60.25,0.0006639004149377452
000651.SZ,2020-02-28,59.44,60.0,58.4,59.2,60.71,-1.51,-2.4872,513705.98,3039712.687,100.0,0.03086,0.8438356164383561,0.35946161665591414,-1.2674126257293614,-1.5976159561368672,0.8581283202464185,37.5776652782133,60.29,0.006966329407862029
000651.SZ,2020-03-02,59.1,60.37,58.7,60.03,59.2,0.83,1.402,502839.37,3007688.51,100.0,0.03086,0.8356164383561644,0.35946161665591414,-1.3526696024211395,-1.681260864629604,0.6967698905574009,38.95102238431978,60.71,-0.024872343930159743
000651.SZ,2020-03-03,60.99,61.0,59.37,59.99,60.03,-0.04,-0.0666,474562.76,2845026.405,100.0,0.03086,0.8328767123287671,0.35946161665591414,-1.3132487435403504,-1.6413008892869267,0.7668701040249264,38.19936250291581,59.2,0.014020270270270242
000651.SZ,2020-03-04,59.55,59.9,59.02,59.82,59.99,-0.17,-0.2834,423393.93,2517114.494,100.0,0.03086,0.8301369863013699,0.35946161665591414,-1.318247845591763,-1.645759987440144,0.7572516426622835,38.23798464337816,60.03,-0.000666333499916694
000651.SZ,2020-03-05,60.51,63.0,59.85,62.99,59.82,3.17,5.2992,1018445.26,6302224.182,100.0,0.03086,0.8273972602739726,0.35946161665591414,-1.3299076313426201,-1.656878877459607,0.7356989587526765,38.39467325804896,59.99,-0.002833805634272407
000651.SZ,2020-03-06,62.15,62.6,61.31,61.48,62.99,-1.51,-2.3972,503533.22,3112954.401,100.0,0.03086,0.8246575342465754,0.35946161665591414,-1.174732156520675,-1.5011616106397487,1.0638150299213063,35.561031324612316,59.82,0.052992310264125736
000651.SZ,2020-03-09,60.0,60.0,59.0,59.23,61.48,-2.25,-3.6597,587231.9,3491790.279,100.0,0.03086,0.8164383561643835,0.35946161665591414,-1.257751192019123,-1.5825498476567654,0.8737509738316485,36.90569743618192,62.99,-0.023972059056993254
000651.SZ,2020-03-10,58.99,61.18,58.95,60.77,59.23,1.54,2.6,541438.02,3253817.259,100.0,0.03086,0.8136986301369863,0.35946161665591414,-1.3756568946006884,-1.6999101280975975,0.6559424708023247,38.9461337163938,61.48,-0.03659726740403384
000651.SZ,2020-03-11,60.78,60.88,59.56,59.63,60.77,-1.14,-1.8759,361947.22,2170270.215,100.0,0.03086,0.810958904109589,0.35946161665591414,-1.2994924788594335,-1.6231993712209989,0.7897099469121036,37.54814667285373,59.23,0.02600033766672305
000651.SZ,2020-03-12,58.88,59.05,57.98,58.22,59.63,-1.41,-2.3646,496562.45,2899265.452,100.0,0.03086,0.8082191780821918,0.35946161665591414,-1.3611033961090844,-1.6842630236796756,0.6792678528263068,38.58595075628598,60.77,-0.01875925621194669
000651.SZ,2020-03-13,55.42,57.6,55.0,56.91,58.22,-1.31,-2.2501,543463.79,3057574.403,100.0,0.03086,0.8054794520547945,0.35946161665591414,-1.4384024664196045,-1.7610139008430366,0.56004707830549,39.884976856510065,59.63,-0.023645815864497797
000651.SZ,2020-03-16,57.37,57.38,54.36,54.4,56.91,-2.51,-4.4105,562406.33,3123352.274,100.0,0.03086,0.7972602739726027,0.35946161665591414,-1.519147943261047,-1.840109180497396,0.45516645191319816,41.11484103830303,58.22,-0.022500858811405056
000651.SZ,2020-03-17,53.7,55.61,51.95,52.95,54.4,-1.45,-2.6654,605901.94,3224683.444,100.0,0.03086,0.7945205479452054,0.35946161665591414,-1.663360277844176,-1.9837695606957642,0.3109202138138474,43.48884446444547,56.91,-0.044104726761553296
000651.SZ,2020-03-18,53.0,55.17,51.92,52.44,52.95,-0.51,-0.9632,703230.91,3761082.471,100.0,0.03086,0.7917808219178082,0.35946161665591414,-1.7515164592068713,-2.0713728352049903,0.24426908439478923,44.88044369678988,54.4,-0.026654411764705805
000651.SZ,2020-03-19,51.6,51.95,48.4,50.3,52.44,-2.14,-4.0809,1098837.99,5488904.317,100.0,0.03086,0.7890410958904109,0.35946161665591414,-1.7856848942082366,-2.1049874059362708,0.22204970420666248,45.37647537594584,52.95,-0.009631728045325876
000651.SZ,2020-03-20,50.68,51.8,50.24,51.57,50.3,1.27,2.5249,632670.49,3229182.48,100.0,0.03086,0.7863013698630137,0.35946161665591414,-1.9203270610390912,-2.239074746089528,0.15123243414610776,47.45390986286897,52.44,-0.04080854309687263
000651.SZ,2020-03-23,50.0,50.31,49.08,49.22,51.57,-2.35,-4.5569,484671.33,2404677.413,100.0,0.03086,0.7780821917808219,0.35946161665591414,-1.8542774291130042,-2.1713548091207175,0.18274796489274925,46.2401848509942,50.3,0.02524850894632213
000651.SZ,2020-03-24,50.1,51.4,49.83,51.14,49.22,1.92,3.9009,600436.35,3045582.347,100.0,0.03086,0.7753424657534247,0.35946161665591414,-2.005730271719725,-2.3222489246325306,0.1175464891135305,48.533237923346995,51.57,-0.04556912933876287
000651.SZ,2020-03-25,53.0,53.75,52.68,53.48,51.14,2.34,4.5757,635877.83,3392948.037,100.0,0.03086,0.7726027397260274,0.35946161665591414,-1.8889975848182952,-2.204956522610721,0.16536030552437841,46.669306985824456,49.22,0.039008533116619296
000651.SZ,2020-03-26,53.0,53.85,52.59,52.83,53.48,-0.65,-1.2154,353929.57,1882251.323,100.0,0.03086,0.7698630136986301,0.35946161665591414,-1.7513301855755876,-2.066728414962024,0.24374564178634128,44.41594826614663,51.14,0.045756746186937744
000651.SZ,2020-03-27,53.85,54.7,52.29,52.57,52.83,-0.26,-0.4921,586615.3,3127275.061,100.0,0.03086,0.7671232876712328,0.35946161665591414,-1.794126449992437,-2.1089629723802954,0.21631876477618306,45.046778031249296,53.48,-0.01215407629020192
000651.SZ,2020-03-30,51.85,52.13,51.09,52.08,52.57,-0.49,-0.9321,377274.48,1948128.674,100.0,0.03086,0.7589041095890411,0.35946161665591414,-1.822076464809451,-2.1352218208612754,0.19978566909835038,45.31501905081586,52.83,-0.00492144614802192
000651.SZ,2020-03-31,52.89,52.89,52.11,52.2,52.08,0.12,0.2304,312373.83,1638485.847,100.0,0.03086,0.7561643835616438,0.35946161665591414,-1.856170238304693,-2.1687498389602777,0.18132969258902598,45.794822509220076,52.57,-0.009320905459387522
000651.SZ,2020-04-01,51.55,52.9,51.55,51.99,52.2,-0.21,-0.4023,356842.24,1865040.044,100.0,0.03086,0.7534246575342466,0.35946161665591414,-1.8530040128691314,-2.165016832277543,0.1829124587946005,45.68466540868697,52.08,0.0023041474654378756
000651.SZ,2020-04-02,51.48,52.3,50.88,52.3,51.99,0.31,0.5963,398753.02,2059368.988,100.0,0.03086,0.7506849315068493,0.35946161665591414,-1.8701653516860026,-2.181610358395642,0.17412311202584174,45.89413689358634,52.2,-0.004022988505747143
000651.SZ,2020-04-03,52.49,52.5,51.81,51.96,52.3,-0.34,-0.6501,305947.28,1593396.979,100.0,0.03086,0.7479452054794521,0.35946161665591414,-1.8553054668037599,-2.1661816237112146,0.18160048180372712,45.59987579349824,51.99,0.005962685131756014
000651.SZ,2020-04-07,52.99,53.41,52.52,52.72,51.96,0.76,1.4627,498041.16,2632716.168,100.0,0.03086,0.736986301369863,0.35946161665591414,-1.8935743359302195,-2.202164607731313,0.16256209015270118,45.95389050822315,52.3,-0.00650095602294448
000651.SZ,2020-04-08,52.48,52.5,51.53,51.8,52.72,-0.92,-1.7451,431372.44,2238410.929,100.0,0.03086,0.7342465753424657,0.35946161665591414,-1.8508103306709982,-2.1588264805389135,0.18362079389998165,45.22321423531972,51.96,0.014626635873749
000651.SZ,2020-04-09,52.07,52.3,51.75,51.88,51.8,0.08,0.1544,330199.36,1714636.878,100.0,0.03086,0.7315068493150685,0.35946161665591414,-1.9123859511551242,-2.2198269069639354,0.15388408964165734,46.121743253230996,52.72,-0.017450682852807316
000651.SZ,2020-04-10,51.98,55.22,51.79,53.74,51.88,1.86,3.5852,779232.58,4196948.953,100.0,0.03086,0.7287671232876712,0.35946161665591414,-1.9118006647864894,-2.2186653483814194,0.1540937159553344,46.05021930059361,51.8,0.0015444015444016487
000651.SZ,2020-04-13,55.0,56.99,54.88,56.51,53.74,2.77,5.1544,857819.13,4809415.741,100.0,0.03086,0.7205479452054795,0.35946161665591414,-1.8098047298369944,-2.114934066717865,0.20574638200939388,44.26667542366169,51.88,0.03585196607555897
000651.SZ,2020-04-14,57.35,57.6,55.6,56.4,56.51,-0.11,-0.1947,616764.96,3468937.143,100.0,0.03086,0.7178082191780822,0.35946161665591414,-1.649082966710946,-1.9536316573246817,0.31928238981416746,41.61848064862386,53.74,0.05154447339039814
000651.SZ,2020-04-15,54.8,55.66,53.8,54.41,56.4,-1.99,-3.5284,974741.98,5335019.941,100.0,0.03086,0.7150684931506849,0.35946161665591414,-1.6595096589770404,-1.963476594158685,0.3103461292565419,41.7278143043985,56.51,-0.001946558131304184
000651.SZ,2020-04-16,53.96,55.05,53.85,54.98,54.41,0.57,1.0476,491718.57,2686905.821,100.0,0.03086,0.7123287671232876,0.35946161665591414,-1.7819618045823256,-2.0853458687862703,0.2220915270260786,43.6378303177343,56.4,-0.03528368794326245
000651.SZ,2020-04-17,55.29,55.49,54.56,54.7,54.98,-0.28,-0.5093,459703.31,2523464.787,100.0,0.03086,0.7095890410958904,0.35946161665591414,-1.7518451752733872,-2.054645246511959,0.24127570813923938,43.09528581370683,54.41,0.010476015438338546
000651.SZ,2020-04-20,54.75,54.89,54.21,54.48,54.7,-0.22,-0.4022,367521.23,2001918.078,100.0,0.03086,0.7013698630136986,0.35946161665591414,-1.7816468395842187,-2.082688134641272,0.22189519447104633,43.380723440966705,54.98,-0.0050927610040013465
000651.SZ,2020-04-21,54.4,54.4,53.0,53.4,54.48,-1.08,-1.9824,419665.38,2242597.204,100.0,0.03086,0.6986301369863014,0.35946161665591414,-1.7994206205675498,-2.0998733690302807,0.21109287726503245,43.59819523638384,54.7,-0.004021937842778902
000651.SZ,2020-04-22,53.07,54.2,52.75,54.2,53.4,0.8,1.4981,320788.08,1721548.219,100.0,0.03086,0.6958904109589041,0.35946161665591414,-1.8706050801590846,-2.170468126878733,0.17264465420288033,44.64802182553362,54.48,-0.019823788546255477
000651.SZ,2020-04-23,54.2,55.1,54.2,54.87,54.2,0.67,1.2362,474841.32,2600242.889,100.0,0.03086,0.6931506849315069,0.35946161665591414,-1.8254844876384066,-2.1247566706377143,0.1960633026816696,43.87971598587229,53.4,0.01498127340823978
000651.SZ,2020-04-24,55.01,55.1,53.95,54.15,54.87,-0.72,-1.3122,287879.51,1563281.028,100.0,0.03086,0.6904109589041096,0.35946161665591414,-1.7888448089924074,-2.0875249593980754,0.21710430028140482,43.23903319503902,54.2,0.012361623616236063
000651.SZ,2020-04-27,53.98,54.68,53.62,54.08,54.15,-0.07,-0.1293,244654.86,1327568.195,100.0,0.03086,0.6821917808219178,0.35946161665591414,-1.846721002547077,-2.143617971938642,0.18434638193646213,43.951108110229264,54.87,-0.013121924548933824
000651.SZ,2020-04-28,54.08,55.1,53.56,54.99,54.08,0.91,1.6827,408555.0,2233721.075,100.0,0.03086,0.6794520547945205,0.35946161665591414,-1.8556888555453566,-2.1519890465056,0.17964791921292056,44.02468865849277,54.15,-0.0012927054478301069
000651.SZ,2020-04-29,54.79,55.88,54.64,55.22,54.99,0.23,0.4183,320440.17,1778301.317,100.0,0.03086,0.6767123287671233,0.35946161665591414,-1.8038945276462517,-2.0995967357750684,0.20769964049390133,43.15102009076376,54.08,0.016826923076923146
000651.SZ,2020-04-30,54.08,55.66,54.0,54.77,55.22,-0.45,-0.8149,631453.63,3452771.148,100.0,0.03086,0.673972602739726,0.35946161665591414,-1.7942998420754839,-2.089402855651149,0.213219122550802,42.93481998387282,54.99,0.0041825786506637
000651.SZ,2020-05-06,53.82,54.46,53.82,54.46,54.77,-0.31,-0.566,603182.37,3261213.46,100.0,0.03086,0.6575342465753424,0.35946161665591414,-1.8500464652802622,-2.141528445849432,0.1818424974813455,43.40314052973643,55.22,-0.008149221296631579
000651.SZ,2020-05-07,54.48,54.97,54.02,54.1,54.46,-0.36,-0.661,435386.31,2365773.8,100.0,0.03086,0.6547945205479452,0.35946161665591414,-1.8743259881526069,-2.165200080717942,0.16967275882816657,43.70925610422805,54.77,-0.005660032864706998
000651.SZ,2020-05-08,54.31,57.58,53.99,56.99,54.1,2.89,5.342,1233737.07,6960938.612,100.0,0.03086,0.6520547945205479,0.35946161665591414,-1.9020097299001293,-2.192274661393564,0.15670940648427645,44.06457876556479,54.46,-0.006610356224752101
000651.SZ,2020-05-11,57.98,59.23,57.8,58.21,56.99,1.22,2.1407,871715.82,5106210.049,100.0,0.03086,0.6438356164383562,0.35946161665591414,-1.7364012795009198,-2.024831008624725,0.2485822477324504,41.29131385166207,54.1,0.0534195933456562
000651.SZ,2020-05-12,58.61,59.28,58.05,59.0,58.21,0.79,1.3572,659115.59,3877277.579,100.0,0.03086,0.6410958904109589,0.35946161665591414,-1.6674228128041777,-1.9552382074091448,0.29927067714477795,40.13029109749066,56.99,0.021407264432356535
000651.SZ,2020-05-13,58.99,58.99,57.78,58.39,59.0,-0.61,-1.0339,481904.2,2811015.693,100.0,0.03086,0.6383561643835617,0.35946161665591414,-1.6249708793399282,-1.91217062533702,0.33474013610662334,39.384050073700784,58.21,0.013571551279848808
000651.SZ,2020-05-14,58.41,59.36,58.36,58.57,58.39,0.18,0.3083,402484.72,2363678.848,100.0,0.03086,0.6356164383561644,0.35946161665591414,-1.6656464341622592,-1.9522292089935027,0.3003045660896162,39.967904721823324,59.0,-0.010338983050847447
000651.SZ,2020-05-15,59.0,59.02,57.7,57.93,58.57,-0.64,-1.0927,382784.25,2226821.791,100.0,0.03086,0.6328767123287671,0.35946161665591414,-1.659398968472053,-1.9453634410191796,0.3051467514652968,39.801037826289104,58.39,0.003082719643774614
000651.SZ,2020-05-18,58.0,58.44,57.0,57.99,57.93,0.06,0.1036,408130.65,2362232.004,100.0,0.03086,0.6246575342465753,0.35946161665591414,-1.7117158980962428,-1.995817390078773,0.2646569412349349,40.42542497962496,58.57,-0.01092709578282398
000651.SZ,2020-05-19,59.0,59.0,57.91,58.02,57.99,0.03,0.0517,351415.48,2049291.641,100.0,0.03086,0.6219178082191781,0.35946161665591414,-1.7127529330887619,-1.9962307108348858,0.26374238819281226,40.3728041500678,57.93,0.001035732780942556
000651.SZ,2020-05-20,58.0,58.0,57.04,57.38,58.02,-0.64,-1.1031,370542.58,2126225.292,100.0,0.03086,0.6191780821917808,0.35946161665591414,-1.7156342165785026,-1.9984869047486207,0.2615214677179023,40.348877654324795,57.99,0.000517330574236957
000651.SZ,2020-05-21,57.7,57.7,56.76,57.01,57.38,-0.37,-0.6448,282576.17,1611479.871,100.0,0.03086,0.6164383561643836,0.35946161665591414,-1.7596709481863315,-2.0418971623023188,0.23181595872767202,40.96746727137267,58.02,-0.011030679076180636
000651.SZ,2020-05-22,57.02,57.03,55.61,55.62,57.01,-1.39,-2.4382,391140.75,2190126.379,100.0,0.03086,0.6136986301369863,0.35946161665591414,-1.787496082355397,-2.069094428698951,0.21459122662595442,41.32853836667457,57.38,-0.0064482398048101176
000651.SZ,2020-05-25,55.64,55.95,54.39,54.9,55.62,-0.72,-1.2945,393736.44,2159635.374,100.0,0.03086,0.6054794520547945,0.35946161665591414,-1.8906419444452025,-2.1703482312014493,0.1603982644432651,42.68923709548885,57.01,-0.024381687423259087
000651.SZ,2020-05-26,55.5,56.9,55.46,56.88,54.9,1.98,3.6066,444970.25,2505509.971,100.0,0.03086,0.6027397260273972,0.35946161665591414,-1.9425597464338857,-2.2216324960533154,0.13813788877843014,43.39527535328275,55.62,-0.012944983818770206
000651.SZ,2020-05-27,56.8,57.46,56.0,56.24,56.88,-0.64,-1.1252,350574.18,1978039.958,100.0,0.03086,0.6,0.35946161665591414,-1.8206818800152034,-2.0991196509970336,0.19508147022823397,41.48051826985334,54.9,0.036065573770491875
000651.SZ,2020-05-28,56.29,57.6,56.05,56.82,56.24,0.58,1.0313,419757.32,2387382.503,100.0,0.03086,0.5972602739726027,0.35946161665591414,-1.8665269653558665,-2.144328306314673,0.17142773515178145,42.10516457161909,56.88,-0.011251758087201134
000651.SZ,2020-05-29,56.31,57.03,56.22,56.94,56.82,0.12,0.2112,291691.29,1653447.09,100.0,0.03086,0.5945205479452055,0.35946161665591414,-1.8347481148403832,-2.1119115643926145,0.18732164753043756,41.54935922262066,56.24,0.01031294452347081
000651.SZ,2020-06-01,57.51,58.26,57.19,57.97,56.94,1.03,1.8089,579250.71,3350002.819,100.0,0.03086,0.5863013698630137,0.35946161665591414,-1.8427495917348287,-2.1179904970436794,0.18280405633169172,41.44974805856842,56.82,0.002111932418162574
000651.SZ,2020-06-02,58.88,58.98,57.71,58.09,57.97,0.12,0.207,468374.9,2727456.657,100.0,0.03086,0.5835616438356165,0.35946161665591414,-1.782735959285917,-2.057333025338009,0.2158064446574417,40.46105399323341,56.94,0.018089216719353728
000651.SZ,2020-06-03,58.1,58.49,57.51,58.02,58.09,-0.07,-0.1205,458199.6,2663404.636,100.0,0.03086,0.5808219178082191,0.35946161665591414,-1.7803419164242733,-2.054293630077607,0.21707460864191908,40.35062640563459,57.97,0.002070036225634027
000651.SZ,2020-06-04,58.6,59.69,58.4,59.65,58.02,1.63,2.8094,656228.49,3889276.666,100.0,0.03086,0.5780821917808219,0.35946161665591414,-1.7899244976789497,-2.0632293350726174,0.2112670030485233,40.423123750594726,58.09,-0.001205026682733694
000651.SZ,2020-06-05,60.0,61.01,59.89,60.17,59.65,0.52,0.8718,585366.42,3537033.31,100.0,0.03086,0.5753424657534246,0.35946161665591414,-1.6935240132277098,-1.9661804396547433,0.27433266242795673,38.864495062723876,58.02,0.028093760772147456
000651.SZ,2020-06-08,61.58,63.0,61.0,62.39,60.17,2.22,3.6895,698377.24,4352741.531,100.0,0.03086,0.5671232876712329,0.35946161665591414,-1.6765865392777817,-1.9472884141503133,0.2863247052083495,38.38140827752428,59.65,0.008717518860016817
000651.SZ,2020-06-09,62.61,62.65,61.33,61.92,62.39,-0.47,-0.7533,423430.8,2624116.044,100.0,0.03086,0.5643835616438356,0.35946161665591414,-1.5474536769710634,-1.8175008909701804,0.400779112412764,36.28417114685692,60.17,0.036895462855243456
000651.SZ,2020-06-10,62.46,62.47,60.88,61.33,61.92,-0.59,-0.9528,414142.08,2538340.301,100.0,0.03086,0.5616438356164384,0.35946161665591414,-1.5802641602958722,-1.849655122501114,0.3680100832865043,36.729711282352,62.39,-0.00753325853502162
000651.SZ,2020-06-11,60.13,60.15,58.38,58.92,60.13,-1.21,-2.0123,502725.48,2967853.991,100.0,0.03086,0.5589041095890411,0.35946161665591414,-1.6942638075301784,-1.9629969153659028,0.272439814538886,38.43245088077821,61.92,-0.028908268733850113
000651.SZ,2020-06-12,57.55,59.0,57.07,58.92,58.92,0.0,0.0,458145.13,2664909.219,100.0,0.03086,0.5561643835616439,0.35946161665591414,-1.7752384200851983,-2.043312059177572,0.21861716540506748,39.5969388014301,60.13,-0.020123066688840858
000651.SZ,2020-06-15,58.12,58.54,57.23,57.29,58.92,-1.63,-2.7665,434864.56,2511349.54,100.0,0.03086,0.547945205479452,0.35946161665591414,-1.7914520334623303,-2.057537459902359,0.20858503495459857,39.61184259660229,58.92,0.0
000651.SZ,2020-06-16,58.0,58.17,57.3,57.84,57.29,0.55,0.96,373333.77,2154265.739,100.0,0.03086,0.5452054794520548,0.35946161665591414,-1.9026317310024707,-2.16805111027413,0.15271906636440247,41.19429000883953,58.92,-0.02766463000678891
000651.SZ,2020-06-17,57.73,57.79,57.12,57.77,57.84,-0.07,-0.121,340596.87,1958449.252,100.0,0.03086,0.5424657534246575,0.35946161665591414,-1.872329721066335,-2.1370813775713207,0.16626020600354585,40.66614523221507,57.29,0.009600279280851881
000651.SZ,2020-06-18,57.5,58.53,57.5,58.06,57.77,0.29,0.502,354163.46,2055422.018,100.0,0.03086,0.5397260273972603,0.35946161665591414,-1.882651800405464,-2.1467340458353967,0.16136113295111287,40.73956094586746,57.84,-0.001210235131396962
000651.SZ,2020-06-19,58.5,58.99,58.2,58.84,58.06,0.78,1.3434,554183.63,3254280.721,100.0,0.03086,0.536986301369863,0.35946161665591414,-1.8694316814015657,-2.1328428145764873,0.1673526150148439,40.463867917663855,57.77,0.005019906525878469
000651.SZ,2020-06-22,57.81,57.89,56.85,57.26,58.84,-1.58,-2.6852,737390.3,4219357.336,100.0,0.03086,0.5287671232876713,0.35946161665591414,-1.8358525639596361,-2.0972400220903578,0.1833784173645725,39.724844407973144,58.06,0.013434378229417863
000651.SZ,2020-06-23,57.0,57.3,56.2,56.23,57.26,-1.03,-1.7988,717338.41,4053258.7,100.0,0.03086,0.5260273972602739,0.35946161665591414,-1.9460363343875913,-2.206745743495166,0.13416393605226262,41.26394822909939,58.84,-0.026852481305234623
000651.SZ,2020-06-24,56.3,57.25,56.3,57.22,56.23,0.99,1.7606,537126.88,3062608.627,100.0,0.03086,0.5232876712328767,0.35946161665591414,-2.0219368407303144,-2.281966432750919,0.10753487351499103,42.27563817232578,57.26,-0.01798812434509258
000651.SZ,2020-06-29,57.0,57.01,56.23,56.46,57.22,-0.76,-1.3282,373017.44,2107362.032,100.0,0.03086,0.5095890410958904,0.35946161665591414,-1.986013905623282,-2.242617398141033,0.11894675110359398,41.33865563069082,56.23,0.017606260003556858
000651.SZ,2020-06-30,56.76,57.1,56.18,56.57,56.46,0.11,0.1948,429141.48,2429936.484,100.0,0.03086,0.5068493150684932,0.35946161665591414,-2.0446448363457788,-2.3005576048851557,0.10010796624125895,42.0881400727918,57.22,-0.013282069206571094
000651.SZ,2020-07-01,56.6,57.8,56.0,57.41,56.57,0.84,1.4849,722332.56,4113728.681,100.0,0.03086,0.5041095890410959,0.35946161665591414,-2.0435919119049064,-2.2988120871079456,0.10033748126296382,41.986693518518294,56.46,0.0019482819695359446
000651.SZ,2020-07-02,57.19,58.28,56.9,58.21,57.41,0.8,1.3935,1020711.53,5865537.926,100.0,0.03086,0.5013698630136987,0.35946161665591414,-1.9922850542704618,-2.2468107515189932,0.11650191296638757,41.17118258472749,56.57,0.014848859819692351
000651.SZ,2020-07-03,58.4,59.5,58.04,58.44,58.21,0.23,0.3951,939737.03,5501964.868,100.0,0.03086,0.4986301369863014,0.35946161665591414,-1.9442617526397303,-2.1980910718466182,0.13370191840350665,40.39670792853089,57.41,0.013934854554955658
000651.SZ,2020-07-06,58.15,61.47,57.9,61.26,58.44,2.82,4.8255,1421416.13,8511052.462,100.0,0.03086,0.4904109589041096,0.35946161665591414,-1.9479384315379187,-2.1996670581908595,0.1319351336390262,40.189921382623375,58.21,0.003951211132107831
000651.SZ,2020-07-07,62.05,63.0,60.05,60.08,61.26,-1.18,-1.9262,1462405.76,8947221.748,100.0,0.03086,0.4876712328767123,0.35946161665591414,-1.7667077206296642,-2.0177322098847106,0.2186190572099873,37.46493346059778,58.44,0.04825462012320329
000651.SZ,2020-07-08,60.0,60.8,58.65,59.49,60.08,-0.59,-0.982,1270421.54,7524133.912,100.0,0.03086,0.4849315068493151,0.35946161665591414,-1.8504376911542624,-2.1007560623037604,0.1734511647953294,38.60809442674468,61.26,-0.01926216127979105
000651.SZ,2020-07-09,59.63,59.89,59.16,59.82,59.49,0.33,0.5547,1041825.11,6205199.652,100.0,0.03086,0.4821917808219178,0.35946161665591414,-1.8962717521410777,-2.145882007667807,0.15237883484190085,39.185351659570436,60.08,-0.009820239680426038
000651.SZ,2020-07-10,60.52,61.19,58.88,58.99,59.82,-0.83,-1.3875,1205132.78,7223265.899,100.0,0.03086,0.4794520547945205,0.35946161665591414,-1.8805077158678107,-2.1294078412058672,0.15913280394703722,38.87043589573196,59.49,0.005547150781643945
000651.SZ,2020-07-13,59.2,59.78,58.52,59.45,58.99,0.46,0.7798,1243771.02,7354224.865,100.0,0.03086,0.4712328767123288,0.35946161665591414,-1.9566393262297006,-2.2033967994313115,0.12780918228024096,39.69410730149295,59.82,-0.013874958207957176
000651.SZ,2020-07-14,59.43,59.77,58.0,58.52,59.45,-0.93,-1.5643,948719.62,5576286.011,100.0,0.03086,0.4684931506849315,0.35946161665591414,-1.9318442661382345,-2.177883375448167,0.13705722711817137,39.25168843109156,58.99,0.007797931852856431
000651.SZ,2020-07-15,58.0,59.5,57.51,58.68,58.52,0.16,0.2734,1132756.17,6661411.498,100.0,0.03086,0.4657534246575342,0.35946161665591414,-2.0028557040183914,-2.248174345868549,0.1116145760151972,40.164579569324225,59.45,-0.01564339781328847
000651.SZ,2020-07-16,59.0,59.5,55.48,55.99,58.68,-2.69,-4.5842,1240511.09,7102871.663,100.0,0.03086,0.46301369863013697,0.35946161665591414,-1.9986790920157136,-2.2432751442495693,0.11286228230435968,40.0141617695836,58.52,0.0027341079972658337
000651.SZ,2020-07-17,56.8,57.5,56.45,57.21,55.99,1.22,2.179,769391.67,4389645.206,100.0,0.03086,0.4602739726027397,0.35946161665591414,-2.1981117483316437,-2.4419830699288503,0.06217121672249726,42.66180590266606,58.68,-0.04584185412406267
000651.SZ,2020-07-20,57.21,59.11,56.53,58.93,57.21,1.72,3.0065,886203.9,5156071.629,100.0,0.03086,0.4520547945205479,0.35946161665591414,-2.1320620048606886,-2.373746095535089,0.07577944955724392,41.480423960254434,55.99,0.021789605286658312
000651.SZ,2020-07-21,59.26,59.79,58.39,58.91,58.93,-0.02,-0.0339,684675.22,4038139.247,100.0,0.03086,0.44931506849315067,0.35946161665591414,-2.016701451163035,-2.257652052769034,0.10654028183256936,39.799522810566486,57.21,0.030064674008040533
000651.SZ,2020-07-22,59.0,60.25,58.95,59.52,58.91,0.61,1.0355,942786.38,5629083.78,100.0,0.03086,0.4465753424657534,0.35946161665591414,-2.025380098327367,-2.2655949711880496,0.10376505204077668,39.82508630380352,58.93,-0.00033938571186158367
000651.SZ,2020-07-23,59.6,60.3,58.56,60.09,59.52,0.57,0.9577,937554.12,5586124.692,100.0,0.03086,0.4438356164383562,0.35946161665591414,-1.9896970089584392,-2.2291738927544644,0.11497295633199256,39.234633636175246,58.91,0.01035477847564092
000651.SZ,2020-07-24,59.57,59.69,56.59,57.16,60.09,-2.93,-4.876,1015200.91,5880021.407,100.0,0.03086,0.4410958904109589,0.35946161665591414,-1.957039334731263,-2.1957759481818107,0.1261525314198082,38.6841533444549,59.52,0.00957661290322581
000651.SZ,2020-07-27,57.35,57.87,56.4,56.78,57.16,-0.38,-0.6648,538754.3,3070819.828,100.0,0.03086,0.4328767123287671,0.35946161665591414,-2.1902178493792968,-2.4267197495606263,0.06307915222432525,41.576104596099064,60.09,-0.048760193043767795
000651.SZ,2020-07-28,57.4,57.5,56.57,56.97,56.78,0.19,0.3346,440740.9,2514836.281,100.0,0.03086,0.4301369863013699,0.35946161665591414,-2.226584692749871,-2.4623369812192744,0.05635779286500042,41.95772619097306,57.16,-0.006648005598320425
000651.SZ,2020-07-29,56.97,60.0,56.8,59.4,56.97,2.43,4.2654,1430140.0,8482811.953,100.0,0.03086,0.4273972602739726,0.35946161665591414,-2.2206071984700215,-2.4556074841033415,0.057346258616018164,41.77705831636687,56.78,0.0033462486791123233
000651.SZ,2020-07-30,59.89,59.89,57.25,57.48,59.4,-1.92,-3.2323,1236862.29,7181872.782,100.0,0.03086,0.4246575342465753,0.35946161665591414,-2.0505610937948453,-2.2848069624391463,0.09552327182247544,39.39357969468522,56.97,0.042654028436018954
000651.SZ,2020-07-31,57.36,57.55,56.45,56.91,57.48,-0.57,-0.9916,1155644.96,6564411.281,100.0,0.03086,0.42191780821917807,0.35946161665591414,-2.199050706254226,-2.4325397203557553,0.061138210830419926,41.28753970433382,59.4,-0.03232323232323235
000651.SZ,2020-08-03,57.16,57.63,56.86,57.32,56.91,0.41,0.7204,823897.86,4707789.349,100.0,0.03086,0.4136986301369863,0.35946161665591414,-2.267286745719535,-2.498490331101872,0.04936382915274817,41.870804768347135,57.48,-0.009916492693110653
000651.SZ,2020-08-04,57.42,57.53,56.78,57.17,57.32,-0.15,-0.2617,751429.89,4284141.836,100.0,0.03086,0.410958904109589,0.35946161665591414,-2.2448149911503474,-2.4752517300242274,0.05287303908889396,41.4726618716355,56.91,0.007204357757863359
000651.SZ,2020-08-05,56.83,57.1,56.5,56.85,57.17,-0.32,-0.5597,594135.52,3368512.706,100.0,0.03086,0.40821917808219177,0.35946161665591414,-2.264883346047843,-2.494550677969494,0.049625058266554944,41.62776248999246,57.32,-0.0026168876482902752
000651.SZ,2020-08-06,56.68,56.83,55.81,56.22,56.85,-0.63,-1.1082,709540.68,3986909.293,100.0,0.03086,0.4054794520547945,0.35946161665591414,-2.2981871751304066,-2.5270825138360933,0.044669823132803876,41.95115655992475,57.17,-0.0055973412629001275
000651.SZ,2020-08-07,56.07,56.52,55.49,56.25,56.22,0.03,0.0534,668633.16,3750602.954,100.0,0.03086,0.40273972602739727,0.35946161665591414,-2.355987249225821,-2.5841079821949493,0.037164955296929314,42.582001703101355,56.85,-0.011081794195250705
000651.SZ,2020-08-10,56.24,56.45,55.62,56.3,56.25,0.05,0.0889,561395.98,3149335.741,100.0,0.03086,0.39452054794520547,0.35946161665591414,-2.3815147672375434,-2.6072957385303335,0.034139235102852605,42.57403025222018,56.22,0.0005336179295624535
000651.SZ,2020-08-11,56.5,56.85,55.81,55.87,56.3,-0.43,-0.7638,546665.47,3081532.831,100.0,0.03086,0.3917808219178082,0.35946161665591414,-2.3870407700066143,-2.612036413802437,0.033501552218395014,42.53174540473084,56.25,0.0008888888888888384
000651.SZ,2020-08-12,55.65,56.02,55.04,55.74,55.87,-0.13,-0.2327,602009.18,3335658.047,100.0,0.03086,0.38904109589041097,0.35946161665591414,-2.4307935225021358,-2.6550010880664536,0.029054615949927587,42.96565201010243,56.3,-0.007637655417406745
000651.SZ,2020-08-13,55.9,56.39,55.75,55.78,55.74,0.04,0.0718,342038.7,1914106.545,100.0,0.03086,0.3863013698630137,0.35946161665591414,-2.4509957076207756,-2.6744124151102984,0.027174642025145468,43.10212628412234,55.87,-0.0023268301413995967
000651.SZ,2020-08-14,55.78,56.29,55.51,56.25,55.78,0.47,0.8426,317244.76,1776919.562,100.0,0.03086,0.3835616438356164,0.35946161665591414,-2.4576862423415347,-2.6803092822871797,0.026557314990903746,43.06986391139714,55.74,0.0007176175098672254
000651.SZ,2020-08-17,56.25,57.18,56.0,56.8,56.25,0.55,0.9778,677724.12,3845816.957,100.0,0.03086,0.37534246575342467,0.35946161665591414,-2.449912051907353,-2.6701369281184286,0.02714547588238536,42.62552117399921,55.78,0.008425959125134436
000651.SZ,2020-08-18,56.59,56.77,55.9,56.02,56.8,-0.78,-1.3732,618494.5,3474057.691,100.0,0.03086,0.3726027397260274,0.35946161665591414,-2.415749054969517,-2.6351687186994677,0.030291598192002334,42.08702507667258,56.25,0.009777777777777727
000651.SZ,2020-08-19,55.85,55.85,55.18,55.19,56.02,-0.83,-1.4816,500984.71,2777352.512,100.0,0.03086,0.3698630136986301,0.35946161665591414,-2.489127923496624,-2.7077394089235014,0.023815480340870998,42.86890744584826,56.8,-0.013732394366197078
000651.SZ,2020-08-20,54.96,54.96,54.02,54.13,55.19,-1.06,-1.9206,626313.31,3399987.12,100.0,0.03086,0.36712328767123287,0.35946161665591414,-2.5681345501050483,-2.7859348583916232,0.0182902826414435,43.70174144189842,56.02,-0.014816137093895133
000651.SZ,2020-08-21,54.95,54.96,54.01,54.22,54.13,0.09,0.1663,382465.03,2074844.917,100.0,0.03086,0.3643835616438356,0.35946161665591414,-2.6683518828561574,-2.8853379815327966,0.012990478739638212,44.76480153852872,55.19,-0.019206377967022924
000651.SZ,2020-08-24,54.51,54.71,54.0,54.14,54.22,-0.08,-0.1475,455095.78,2467198.026,100.0,0.03086,0.3561643835616438,0.35946161665591414,-2.6948785805741475,-2.9094035096766917,0.011812723585357593,44.69870772626361,54.13,0.0016626639571401497
000651.SZ,2020-08-25,54.02,54.43,54.02,54.29,54.14,0.15,0.2771,351154.99,1903737.678,100.0,0.03086,0.35342465753424657,0.35946161665591414,-2.713437166861127,-2.9271354072273796,0.011062450990851486,44.786320181929,54.22,-0.0014754703061600572
000651.SZ,2020-08-26,54.3,54.56,53.0,53.4,54.29,-0.89,-1.6393,616865.65,3313253.989,100.0,0.03086,0.3506849315068493,0.35946161665591414,-2.7122470754808035,-2.925115416632826,0.011095562767633238,44.64471672904707,54.14,0.002770594754340572
000651.SZ,2020-08-27,53.4,53.47,52.37,52.94,53.4,-0.46,-0.8614,527948.31,2784491.796,100.0,0.03086,0.34794520547945207,0.35946161665591414,-2.802093269236823,-3.014128462999545,0.008078663293343002,45.54006397205521,54.29,-0.01639344262295083
000651.SZ,2020-08-28,53.01,55.06,52.88,55.04,52.94,2.1,3.9668,826886.19,4508023.542,100.0,0.03086,0.3452054794520548,0.35946161665591414,-2.855393141151101,-3.0665919009087665,0.006667575488138899,46.00701773393341,53.4,-0.008614232209737845
000651.SZ,2020-08-31,55.95,56.3,54.27,54.5,55.04,-0.54,-0.9811,743451.55,4092754.403,100.0,0.03086,0.336986301369863,0.35946161665591414,-2.707341396694408,-2.9160107387423464,0.011217732596698615,43.93666668389588,52.94,0.03966754816773709
000651.SZ,2020-09-01,54.3,54.9,54.04,54.75,54.5,0.25,0.4587,325279.3,1774722.794,100.0,0.03086,0.33424657534246577,0.35946161665591414,-2.7671155717280067,-2.974934933289678,0.00908983230063068,44.48290646268502,55.04,-0.009811046511627891
000651.SZ,2020-09-02,55.18,55.29,54.03,54.53,54.75,-0.22,-0.4018,380872.6,2080511.674,100.0,0.03086,0.3315068493150685,0.35946161665591414,-2.7576770020757317,-2.964642892427456,0.009384898120818636,44.241569915090416,54.5,0.0045871559633027525
000651.SZ,2020-09-03,54.94,55.12,54.46,54.75,54.53,0.22,0.4034,488934.78,2684349.415,100.0,0.03086,0.3287671232876712,0.35946161665591414,-2.789947591173804,-2.9960564762279494,0.008364247676684644,44.468918358791285,54.75,-0.004018264840182628
000651.SZ,2020-09-04,54.28,55.0,53.85,54.83,54.75,0.08,0.1461,373601.85,2031735.224,100.0,0.03086,0.32602739726027397,0.35946161665591414,-2.783302835164236,-2.9885511365638924,0.008552152671456814,44.25747606555069,54.53,0.004034476434989893
000651.SZ,2020-09-07,55.0,55.8,54.83,55.01,54.83,0.18,0.3283,564501.97,3124388.841,100.0,0.03086,0.3178082191780822,0.35946161665591414,-2.815730827169557,-3.018375450623987,0.007592202562561962,44.20162976705177,54.75,0.001461187214611841
000651.SZ,2020-09-08,55.28,55.56,55.0,55.48,55.01,0.47,0.8544,418972.42,2319953.686,100.0,0.03086,0.3150684931506849,0.35946161665591414,-2.8129991374395154,-3.014768402056723,0.007655870535167891,44.030066067865874,54.83,0.0032828743388655796
000651.SZ,2020-09-09,54.7,55.25,54.08,54.5,55.48,-0.98,-1.7664,364947.36,1992127.847,100.0,0.03086,0.31232876712328766,0.35946161665591414,-2.7842623103130766,-2.9851524018391395,0.008464917392993127,43.569248455484015,55.01,0.008543901108889272
000651.SZ,2020-09-10,54.67,54.84,54.41,54.6,54.5,0.1,0.1835,343108.21,1874996.343,100.0,0.03086,0.3095890410958904,0.35946161665591414,-2.8869689568561907,-3.086976010738125,0.005854398300015912,44.55501198513005,55.48,-0.017664023071377016
000651.SZ,2020-09-11,54.68,55.1,54.31,54.86,54.6,0.26,0.4762,324752.03,1778012.516,100.0,0.03086,0.30684931506849317,0.35946161665591414,-2.8919356982356472,-3.0910557985060922,0.005742012416966938,44.46327435602454,54.5,0.001834862385321127
000651.SZ,2020-09-14,54.95,55.71,54.86,55.28,54.86,0.42,0.7656,257775.47,1420455.344,100.0,0.03086,0.29863013698630136,0.35946161665591414,-2.9112732504844767,-3.107708462499165,0.005329586081822449,44.227990448852005,54.6,0.004761904761904725
000651.SZ,2020-09-15,55.28,56.08,54.99,55.77,55.28,0.49,0.8864,436826.24,2436782.597,100.0,0.03086,0.2958904109589041,0.35946161665591414,-2.887053125570603,-3.082585182401284,0.005810421123284559,43.81684887342391,54.86,0.007655851257747023
000651.SZ,2020-09-16,55.77,55.94,54.95,55.05,55.77,-0.72,-1.291,335305.84,1855183.3,100.0,0.03086,0.29315068493150687,0.35946161665591414,-2.8565133108536656,-3.0511380214574784,0.006476282146610571,43.33589303231559,55.28,0.008863965267727966
000651.SZ,2020-09-17,55.04,55.29,54.72,54.8,55.05,-0.25,-0.4541,278680.8,1530686.91,100.0,0.03086,0.29041095890410956,0.35946161665591414,-2.9383857510834823,-3.1320988655254296,0.004805747264302843,44.06260150369947,55.77,-0.012910166756320708
000651.SZ,2020-09-18,55.2,55.72,54.81,55.65,54.8,0.85,1.5511,338102.38,1871327.126,100.0,0.03086,0.2876712328767123,0.35946161665591414,-2.9773101065291008,-3.170107314589747,0.004158457051806452,44.320333928210864,55.05,-0.004541326067211626
000651.SZ,2020-09-21,55.75,56.95,55.69,56.55,55.65,0.9,1.6173,685782.41,3879534.745,100.0,0.03086,0.27945205479452057,0.35946161665591414,-2.9439059406779013,-3.133928943557878,0.004679631383692359,43.49599849805973,54.8,0.015510948905109515
000651.SZ,2020-09-22,56.15,56.46,55.28,55.5,56.55,-1.05,-1.8568,336980.49,1882711.896,100.0,0.03086,0.27671232876712326,0.35946161665591414,-2.874982848912223,-3.0640720721712564,0.006000127944750758,42.60570154377458,55.65,0.01617250673854445
000651.SZ,2020-09-23,55.5,55.69,55.05,55.51,55.5,0.01,0.018,243258.56,1345627.445,100.0,0.03086,0.273972602739726,0.35946161665591414,-2.9903246706008586,-3.178475480011517,0.0039313602759160765,43.662016034016816,56.55,-0.01856763925729438
000651.SZ,2020-09-24,55.12,55.26,54.12,54.33,55.51,-1.18,-2.1257,314258.91,1715410.933,100.0,0.03086,0.27123287671232876,0.35946161665591414,-3.0058241189794277,-3.1930318106244746,0.0037055253500723473,43.66017416581922,55.5,0.00018018018018014432
000651.SZ,2020-09-25,54.35,54.56,53.99,54.11,54.33,-0.22,-0.4049,248544.88,1345016.223,100.0,0.03086,0.2684931506849315,0.35946161665591414,-3.1378836185052204,-3.3241434170132402,0.002247967748502805,44.84710128382305,55.51,-0.021257431093496662
000651.SZ,2020-09-28,54.12,54.45,53.0,53.02,54.11,-1.09,-2.0144,463813.53,2470966.629,100.0,0.03086,0.2602739726027397,0.35946161665591414,-3.2134483874902235,-3.396835112003727,0.001670663275875034,45.09168226002873,54.33,-0.004049328179642902
000651.SZ,2020-09-29,53.4,53.61,53.06,53.06,53.02,0.04,0.0754,293494.66,1564171.188,100.0,0.03086,0.25753424657534246,0.35946161665591414,-3.3434851129386596,-3.525904090725985,0.0009976081007213693,46.18939671656688,54.11,-0.020144150803917876
000651.SZ,2020-09-30,53.16,53.42,53.03,53.3,53.06,0.24,0.4523,227172.05,1209072.686,100.0,0.03086,0.2547945205479452,0.35946161665591414,-3.358697939865618,-3.5401440095010717,0.0009369754418689681,46.1577243047982,53.02,0.0007544322897019831
000651.SZ,2020-10-09,54.47,55.2,54.11,54.75,53.3,1.45,2.7205,480337.64,2629345.148,100.0,0.03086,0.23013698630136986,0.35946161665591414,-3.521530548099592,-3.6939736133379024,0.00047381934041825814,45.99278705956238,53.06,0.004523181304183846
000651.SZ,2020-10-12,55.02,55.9,55.02,55.82,54.75,1.07,1.9543,411485.08,2290440.923,100.0,0.03086,0.2219178082191781,0.35946161665591414,-3.432277077699174,-3.6016128061687662,0.0006803779585281659,44.56818169562321,53.3,0.027204502814258968
000651.SZ,2020-10-13,55.82,56.04,55.5,55.91,55.82,0.09,0.1612,245897.78,1371853.739,100.0,0.03086,0.2191780821917808,0.35946161665591414,-3.340205503524004,-3.5084927034695395,0.0009844652314486696,43.506883228543856,54.75,0.019543378995433795
000651.SZ,2020-10-14,57.44,57.98,57.02,57.6,55.91,1.69,3.0227,1053449.06,6067693.999,100.0,0.03086,0.21643835616438356,0.35946161665591414,-3.35321008861693,-3.520442185998652,0.0009324741663062734,43.425229393143255,55.82,0.001612325331422363
000651.SZ,2020-10-15,57.73,58.47,57.61,57.94,57.6,0.34,0.5903,682500.28,3970673.99,100.0,0.03086,0.2136986301369863,0.35946161665591414,-3.1970009635791463,-3.3631712591312426,0.0017199267417500608,41.744415711460036,55.91,0.030227150778036217
000651.SZ,2020-10-16,58.0,58.78,57.46,57.7,57.94,-0.24,-0.4142,473935.23,2755673.672,100.0,0.03086,0.21095890410958903,0.35946161665591414,-3.183630651398125,-3.348732316601878,0.0018064049186352835,41.41290176551514,57.6,0.0059027777777777134
000651.SZ,2020-10-19,58.15,58.34,57.2,57.25,57.7,-0.45,-0.7799,365088.36,2107759.841,100.0,0.03086,0.20273972602739726,0.35946161665591414,-3.2780160572912695,-3.4398695034720523,0.0012413898982449392,41.67753973955099,57.94,-0.004142216085605711
000651.SZ,2020-10-20,57.52,57.86,57.2,57.65,57.25,0.4,0.6987,282633.03,1628567.959,100.0,0.03086,0.2,0.35946161665591414,-3.3507232655932984,-3.5114793876222175,0.0009280745698764456,42.13562884124875,57.7,-0.007798960138648229
000651.SZ,2020-10-21,58.0,58.5,57.32,58.0,57.65,0.35,0.6071,404810.52,2348785.508,100.0,0.03086,0.19726027397260273,0.35946161665591414,-3.331938872575089,-3.491590128439106,0.000997581543040478,41.74410147568517,57.25,0.006986899563318752
000651.SZ,2020-10-22,57.95,58.7,57.26,58.6,58.0,0.6,1.0345,512063.21,2980635.433,100.0,0.03086,0.19452054794520549,0.35946161665591414,-3.318792486586172,-3.4773311765900288,0.0010481547168143188,41.4025558868194,57.65,0.006071118820468368
000651.SZ,2020-10-23,58.78,58.8,58.08,58.32,58.6,-0.28,-0.4778,373800.71,2186303.407,100.0,0.03086,0.1917808219178082,0.35946161665591414,-3.2786976228014995,-3.4361158839954284,0.0012243691865484949,40.81113664980685,58.0,0.01034482758620692
000651.SZ,2020-10-26,58.3,58.8,57.62,58.19,58.32,-0.13,-0.2229,335539.83,1949519.844,100.0,0.03086,0.18356164383561643,0.35946161665591414,-3.3874921338391353,-3.541500208773093,0.000787372074169776,41.115917562192074,58.6,-0.00477815699658705
000651.SZ,2020-10-27,58.2,58.5,57.2,57.23,58.19,-0.96,-1.6498,329553.04,1902179.969,100.0,0.03086,0.18082191780821918,0.35946161665591414,-3.4293688981438684,-3.5822233382954214,0.000662757629324346,41.25420033909487,58.32,-0.0022290809327846803
000651.SZ,2020-10-28,57.23,57.8,57.05,57.26,57.23,0.03,0.0524,316767.47,1816400.514,100.0,0.03086,0.1780821917808219,0.35946161665591414,-3.567037037669668,-3.71872906977164,0.0003746574078417504,42.22232034107874,58.19,-0.016497680013748083
000651.SZ,2020-10-29,56.6,58.28,56.34,57.63,57.26,0.37,0.6462,472398.97,2709156.826,100.0,0.03086,0.17534246575342466,0.35946161665591414,-3.59305247511821,-3.7435731226467364,0.00033491257146029893,42.200689409365516,57.23,0.0005242005940940265
000651.SZ,2020-10-30,58.0,59.56,57.99,58.43,57.63,0.8,1.3882,792678.09,4669259.002,100.0,0.03086,0.1726027397260274,0.35946161665591414,-3.5800783562926144,-3.729418431495448,0.0003525656336080974,41.83911658652875,57.26,0.006461753405518766
000651.SZ,2020-11-02,58.1,60.65,58.1,60.19,58.43,1.76,3.0122,825205.7,4959806.489,100.0,0.03086,0.1643835616438356,0.35946161665591414,-3.5792787846867364,-3.7250197749713214,0.0003502616081078498,41.06434712127527,57.63,0.013881658858233508
000651.SZ,2020-11-03,60.24,60.35,59.27,60.03,60.19,-0.16,-0.2658,493742.57,2957996.062,100.0,0.03086,0.16164383561643836,0.35946161665591414,-3.40594879936075,-3.5504701783270214,0.0007114885316629807,39.31312071681283,58.43,0.03012151292144443
000651.SZ,2020-11-04,60.45,62.73,60.35,62.18,60.03,2.15,3.5815,910746.82,5636631.713,100.0,0.03086,0.1589041095890411,0.35946161665591414,-3.4555863124729056,-3.5988776998885275,0.0005796544552887153,39.481401962628986,60.19,-0.0026582488785511977
000651.SZ,2020-11-05,62.9,64.22,62.41,62.8,62.18,0.62,0.9971,695415.53,4394307.049,100.0,0.03086,0.15616438356164383,0.35946161665591414,-3.2398868309409212,-3.381937576932186,0.0013613046668380993,37.34059740407177,60.03,0.03581542562052305
000651.SZ,2020-11-06,63.49,66.5,63.0,66.38,62.8,3.58,5.7006,1085986.32,7118017.833,100.0,0.03086,0.15342465753424658,0.35946161665591414,-3.200077201091255,-3.3408763742630323,0.0015807449379065391,36.7292313469729,62.18,0.009971051785139875
000651.SZ,2020-11-09,67.95,69.28,66.4,67.55,66.38,1.17,1.7626,932328.31,6316768.287,100.0,0.03086,0.14520547945205478,0.35946161665591414,-2.890379042670794,-3.0273548994974604,0.004907123968895144,33.177805502888624,62.8,0.057006369426751566
000651.SZ,2020-11-10,67.3,67.3,65.35,65.86,67.55,-1.69,-2.5019,604278.72,3978080.905,100.0,0.03086,0.14246575342465753,0.35946161665591414,-2.791188666665113,-2.926866144835149,0.006921825972495771,32.018237553719175,66.38,0.017625790900873784
000651.SZ,2020-11-11,65.71,66.86,64.57,65.81,65.86,-0.05,-0.0759,490630.11,3234013.896,100.0,0.03086,0.13972602739726028,0.35946161665591414,-3.0089316622324014,-3.1432982161502636,0.0031635651686032634,33.71289735344186,67.55,-0.025018504811250893
000651.SZ,2020-11-12,65.51,67.09,65.49,66.37,64.83,1.54,2.3754,515618.05,3416810.223,100.0,0.03086,0.136986301369863,0.35946161665591414,-3.1593173169532944,-3.2923600301733087,0.0017952086471117595,34.749947769206756,65.86,-0.015639234740358353
000651.SZ,2020-11-13,65.75,66.58,65.01,66.26,66.37,-0.11,-0.1657,445706.65,2930849.702,100.0,0.03086,0.13424657534246576,0.35946161665591414,-3.0151270114799718,-3.1468325780674324,0.0030593222973648027,33.21963136696338,64.83,0.02375443467530474
000651.SZ,2020-11-16,67.52,67.99,65.6,66.8,66.26,0.54,0.815,402445.31,2676569.996,100.0,0.03086,0.12602739726027398,0.35946161665591414,-3.1310410008941796,-3.258651088495699,0.0019540684222546373,33.353788836929205,66.37,-0.001657375320174769
000651.SZ,2020-11-17,66.66,69.5,66.48,68.4,66.8,1.6,2.3952,608315.33,4167731.406,100.0,0.03086,0.1232876712328767,0.35946161665591414,-3.1034032649311354,-3.229618664890287,0.002154768983624697,32.82241186947882,66.26,0.008149713250829943
000651.SZ,2020-11-18,68.1,68.5,65.99,66.69,68.4,-1.71,-2.5,524828.88,3521956.804,100.0,0.03086,0.12054794520547946,0.35946161665591414,-2.9509131428543616,-3.075718270617726,0.0037497093382194563,31.232429853942616,66.8,0.023952095808383363
000651.SZ,2020-11-19,66.7,68.34,66.7,67.9,66.69,1.21,1.8144,510613.52,3455112.114,100.0,0.03086,0.1178082191780822,0.35946161665591414,-3.19235276862824,-3.3157315052290453,0.0015201366234129723,32.948624037518215,68.4,-0.025000000000000116
000651.SZ,2020-11-20,67.92,68.29,66.9,67.9,67.9,0.0,0.0,383513.03,2597069.37,100.0,0.03086,0.11506849315068493,0.35946161665591414,-3.084815242514543,-3.2067509033131465,0.0022652323693684445,31.747793601795934,66.69,0.018143649722597213
000651.SZ,2020-11-23,67.98,68.3,67.25,68.25,67.9,0.35,0.5155,462542.38,3142701.173,100.0,0.03086,0.10684931506849316,0.35946161665591414,-3.2079419713353343,-3.3254421141519943,0.0013933246558254994,31.77219937372833,67.9,0.0
000651.SZ,2020-11-24,68.5,68.69,66.12,66.8,68.25,-1.45,-2.1245,503309.3,3371246.391,100.0,0.03086,0.10410958904109589,0.35946161665591414,-3.207804156761885,-3.323788105181986,0.0013836612189879194,31.43061702839112,67.9,0.005154639175257648
000651.SZ,2020-11-25,67.01,67.85,66.66,66.83,66.8,0.03,0.0449,331980.75,2232463.305,100.0,0.03086,0.10136986301369863,0.35946161665591414,-3.4407838900474417,-3.5552315594002852,0.0005497151449061002,32.888211112959205,68.25,-0.021245421245421288
000651.SZ,2020-11-26,67.5,67.96,65.98,66.45,66.83,-0.38,-0.5686,366858.1,2445543.373,100.0,0.03086,0.09863013698630137,0.35946161665591414,-3.4865847667256022,-3.599475252371997,0.0004530845008375202,32.8665432255601,66.8,0.00044910179640720265
000651.SZ,2020-11-27,66.46,67.32,66.02,66.66,66.45,0.21,0.316,270541.95,1800816.485,100.0,0.03086,0.0958904109589041,0.35946161665591414,-3.589620334039751,-3.7009318540125733,0.0002940665640921332,33.254813663531365,66.83,-0.005686069130629889
000651.SZ,2020-11-30,67.28,68.17,66.59,66.64,66.66,-0.02,-0.03,434159.9,2923685.644,100.0,0.03086,0.08767123287671233,0.35946161665591414,-3.731841572863656,-3.838275743439667,0.00015720770691729676,33.06996944897912,66.45,0.00316027088036108
000651.SZ,2020-12-01,66.2,67.2,65.84,67.2,66.64,0.56,0.8403,346929.92,2314401.714,100.0,0.03086,0.08493150684931507,0.35946161665591414,-3.796916013825928,-3.9016739509733567,0.00011764045501162865,33.09836218889004,66.66,-0.00030003000300024037
000651.SZ,2020-12-02,67.88,69.79,67.2,69.53,67.2,2.33,3.4673,747601.01,5165669.002,100.0,0.03086,0.0821917808219178,0.35946161665591414,-3.7810149808745743,-3.8840694234016473,0.00012487636394805778,32.54680244492618,66.64,0.00840336134453785
000651.SZ,2020-12-03,68.94,69.6,67.26,68.5,69.53,-1.03,-1.4814,552856.51,3780627.39,100.0,0.03086,0.07945205479452055,0.35946161665591414,-3.5118314019256487,-3.6131537136528635,0.0003837518685910375,30.225495053582712,67.2,0.03467261904761902
000651.SZ,2020-12-04,68.5,69.08,67.86,69.0,68.5,0.5,0.7299,335793.71,2300729.107,100.0,0.03086,0.07671232876712329,0.35946161665591414,-3.7265248054695017,-3.826084855604724,0.00015474718396010865,31.263700495134902,69.53,-0.014813749460664478
000651.SZ,2020-12-07,68.73,68.95,67.8,68.0,69.0,-1.0,-1.4493,306142.71,2085425.3,100.0,0.03086,0.0684931506849315,0.35946161665591414,-3.874816090531364,-3.968891495236693,7.856704074220072e-05,30.78893193281483,68.5,0.0072992700729927005
000651.SZ,2020-12-08,68.52,68.54,65.5,65.66,68.0,-2.34,-3.4412,570709.0,3785168.282,100.0,0.03086,0.06575342465753424,0.35946161665591414,-4.115937032558723,-4.208111728108275,2.6114879755050535e-05,31.797316779833462,69.0,-0.014492753623188406
000651.SZ,2020-12-09,65.62,65.62,62.51,62.61,65.66,-3.05,-4.6451,729277.72,4629525.433,100.0,0.03086,0.06301369863013699,0.35946161665591414,-4.595438296344564,-4.685672254635407,2.5230623705729967e-06,34.14573120058217,68.0,-0.034411764705882406
000651.SZ,2020-12-10,63.01,63.78,62.73,62.83,62.61,0.22,0.3514,412852.01,2612063.567,100.0,0.03086,0.06027397260273973,0.35946161665591414,-5.240658897807139,-5.328909449975467,7.790135670915798e-08,37.204167481434006,65.66,-0.04645141638745046
000651.SZ,2020-12-11,63.5,63.99,62.88,63.8,62.83,0.97,1.5438,398575.93,2528210.705,100.0,0.03086,0.057534246575342465,0.35946161665591414,-5.326336965138753,-5.412558497757908,4.717936171937549e-08,36.99260689023199,62.61,0.0035138156843954457
000651.SZ,2020-12-14,63.8,63.99,62.51,62.76,63.8,-1.04,-1.6301,308172.78,1936741.053,100.0,0.03086,0.049315068493150684,0.35946161665591414,-5.571006188201362,-5.65083181613337,1.0786515081555896e-08,36.04792945404501,62.83,0.015438484800254637
000651.SZ,2020-12-15,62.0,62.1,60.6,60.99,62.76,-1.77,-2.8203,759613.21,4637048.624,100.0,0.03086,0.04657534246575343,0.35946161665591414,-5.947748200266317,-6.025324766340877,1.044534437870384e-09,37.09637173845476,63.8,-0.01630094043887146
000651.SZ,2020-12-16,61.0,61.78,60.5,61.03,60.99,0.04,0.0656,670908.74,4099386.911,100.0,0.03086,0.043835616438356165,0.35946161665591414,-6.514394568983914,-6.589654892748177,2.4358796142411922e-11,38.874814745395106,62.76,-0.02820267686424468
000651.SZ,2020-12-17,61.17,61.86,60.11,61.61,61.03,0.58,0.9504,523707.03,3210819.764,100.0,0.03086,0.0410958904109589,0.35946161665591414,-6.722629848553712,-6.795500343696005,5.609792859768456e-12,38.84325846720604,60.99,0.0006558452205279415
000651.SZ,2020-12-18,61.63,62.01,61.06,61.37,61.61,-0.24,-0.3895,356066.23,2189618.946,100.0,0.03086,0.038356164383561646,0.35946161665591414,-6.827941642051567,-6.898341228637455,2.6041949471750514e-12,38.271702902962225,61.03,0.009503522857610983
000651.SZ,2020-12-21,61.11,61.13,60.2,60.7,61.37,-0.67,-1.0917,486881.61,2950573.699,100.0,0.03086,0.030136986301369864,0.35946161665591414,-7.7780778866811575,-7.84048045056284,1.7438867944807455e-15,38.537040494417944,61.61,-0.0038954715143645837
000651.SZ,2020-12-22,60.6,60.97,59.88,60.11,60.7,-0.59,-0.972,443348.56,2670818.609,100.0,0.03086,0.0273972602739726,0.35946161665591414,-8.346611889884949,-8.406110400019141,1.4689756985773813e-17,39.215487786498855,61.37,-0.010917386345119677
000651.SZ,2020-12-23,59.9,60.58,59.65,60.15,60.11,0.04,0.0665,416343.89,2505514.94,100.0,0.03086,0.024657534246575342,0.35946161665591414,-8.975778637332237,-9.032223880155435,5.1618854544639137e-20,39.813935792811165,60.7,-0.009719934102141736
000651.SZ,2020-12-24,60.79,61.13,59.85,60.06,60.15,-0.09,-0.1496,300922.12,1816649.657,100.0,0.03086,0.021917808219178082,0.35946161665591414,-9.512665494225825,-9.565882579513831,3.044650304486166e-22,39.78238451341526,60.11,0.0006654466810846639
000651.SZ,2020-12-25,59.98,59.98,58.93,59.21,60.06,-0.85,-1.4153,338729.95,2009984.982,100.0,0.03086,0.019178082191780823,0.35946161665591414,-10.204801256701716,-10.254581281769328,2.70083029000892e-25,39.88083394837149,60.15,-0.0014962593516208863
000651.SZ,2020-12-28,59.22,60.96,58.69,60.6,59.21,1.39,2.3476,474504.31,2853243.859,100.0,0.03086,0.010958904109589041,0.35946161665591414,-13.89931658439941,-13.93694674628154,5.060331053444248e-45,40.75618653995722,60.06,-0.014152514152514176
000651.SZ,2020-12-29,60.62,61.76,60.25,60.87,60.6,0.27,0.4455,329342.23,2008115.357,100.0,0.03086,0.00821917808219178,0.35946161665591414,-15.34553401452814,-15.378122690666586,2.4160991586693052e-54,39.37463883292616,59.21,0.02347576422901538
000651.SZ,2020-12-30,60.8,61.27,60.34,61.27,60.87,0.4,0.6571,344842.68,2098338.154,100.0,0.03086,0.005479452054794521,0.35946161665591414,-18.637121429602175,-18.663729972246177,6.931503520443474e-79,39.11309184054934,60.6,0.00445544554455439
000651.SZ,2020-12-31,60.88,62.39,60.8,61.94,61.27,0.67,1.0935,439392.94,2720168.509,100.0,0.03086,0.0027397260273972603,0.35946161665591414,-26.022652211996146,-26.041467292937213,6.0576888336606646e-151,38.72154556288712,60.87,0.006571381632988429
